{"type":"FeatureCollection", "features": [
{"type":"Feature","geometry":{"type":"MultiPolygon","coordinates":[[[[77.519,35.486],[77.509,35.58],[77.469,35.652],[77.421,35.64],[77.349,35.72],[77.209,35.71],[77.09,35.74],[77.069,35.78],[77.009,35.82],[76.939,35.84],[76.839,35.86],[76.779,35.91],[76.779,36.04],[76.759,36.11],[76.719,36.16],[76.669,36.19],[76.568,36.19],[76.469,36.22],[76.429,36.24],[76.389,36.31],[76.319,36.33],[76.239,36.32],[76.149,36.425],[76.028,36.44],[76.014,36.455],[76.008,36.48],[75.998,36.489],[75.998,36.501],[75.969,36.522],[75.936,36.576],[75.934,36.59],[75.941,36.606],[75.847,36.686],[75.736,36.753],[75.704,36.756],[75.677,36.771],[75.633,36.78],[75.586,36.772],[75.571,36.78],[75.54,36.78],[75.534,36.734],[75.515,36.734],[75.504,36.749],[75.491,36.746],[75.478,36.73],[75.46,36.73],[75.426,36.784],[75.424,36.801],[75.433,36.876],[75.423,36.896],[75.398,36.909],[75.394,36.928],[75.401,36.938],[75.419,36.945],[75.418,36.959],[75.406,36.965],[75.378,36.965],[75.282,36.983],[75.241,36.972],[75.169,36.999],[75.171,37.023],[75.146,37.034],[75.131,37.021],[75.064,37.013],[75.051,37.023],[75.033,37.026],[74.997,37.001],[74.979,37.004],[74.937,36.992],[74.923,36.983],[74.939,36.959],[74.939,36.948],[74.924,36.95],[74.922,36.944],[74.902,36.941],[74.87,36.998],[74.843,37.024],[74.846,37.053],[74.841,37.066],[74.812,37.065],[74.794,37.057],[74.791,37.038],[74.781,37.034],[74.735,37.038],[74.72,37.052],[74.717,37.075],[74.704,37.098],[74.689,37.096],[74.672,37.086],[74.631,37.075],[74.623,37.059],[74.573,37.039],[74.576,37.004],[74.563,36.971],[74.548,36.968],[74.537,36.977],[74.532,36.999],[74.522,37.006],[74.424,37.007],[74.406,36.989],[74.358,36.975],[74.324,36.945],[74.277,36.915],[74.243,36.905],[74.218,36.914],[74.151,36.918],[74.13,36.857],[74.115,36.852],[74.085,36.852],[74.064,36.84],[74.041,36.834],[74.022,36.841],[73.975,36.841],[73.946,36.869],[73.911,36.889],[73.89,36.886],[73.842,36.907],[73.801,36.9],[73.755,36.913],[73.729,36.91],[73.7,36.92],[73.67,36.922],[73.651,36.916],[73.684,36.866],[73.697,36.855],[73.721,36.842],[73.748,36.842],[73.785,36.835],[73.793,36.812],[73.827,36.808],[73.839,36.801],[73.857,36.78],[73.868,36.755],[73.861,36.725],[73.852,36.718],[73.834,36.71],[73.775,36.728],[73.734,36.719],[73.715,36.725],[73.688,36.723],[73.673,36.71],[73.657,36.707],[73.604,36.71],[73.579,36.719],[73.569,36.736],[73.507,36.73],[73.449,36.741],[73.409,36.759],[73.374,36.758],[73.268,36.721],[73.214,36.718],[73.152,36.73],[73.125,36.711],[73.062,36.697],[73.049,36.685],[73.049,36.673],[73.075,36.609],[73.055,36.587],[73.041,36.548],[73.01,36.524],[72.97,36.509],[72.967,36.477],[72.959,36.473],[72.924,36.474],[72.888,36.463],[72.871,36.452],[72.863,36.433],[72.857,36.388],[72.848,36.376],[72.818,36.365],[72.759,36.327],[72.722,36.313],[72.686,36.276],[72.653,36.264],[72.594,36.27],[72.549,36.233],[72.54,36.192],[72.543,36.149],[72.524,36.112],[72.521,36.079],[72.53,36.06],[72.566,36.029],[72.568,36.012],[72.51,35.902],[72.528,35.898],[72.552,35.88],[72.569,35.852],[72.627,35.839],[72.683,35.82],[72.786,35.848],[72.797,35.866],[72.809,35.862],[72.819,35.888],[72.837,35.873],[72.891,35.877],[72.896,35.866],[72.892,35.85],[72.904,35.842],[72.96,35.849],[72.982,35.861],[72.999,35.863],[73.026,35.842],[73.035,35.849],[73.048,35.85],[73.056,35.862],[73.073,35.861],[73.092,35.876],[73.129,35.846],[73.15,35.844],[73.178,35.86],[73.2,35.827],[73.2,35.787],[73.188,35.785],[73.158,35.762],[73.12,35.765],[73.112,35.759],[73.11,35.749],[73.126,35.721],[73.149,35.713],[73.183,35.69],[73.192,35.677],[73.236,35.668],[73.24,35.658],[73.291,35.671],[73.297,35.662],[73.331,35.663],[73.356,35.609],[73.364,35.6],[73.395,35.587],[73.405,35.529],[73.418,35.525],[73.5,35.543],[73.617,35.541],[73.665,35.531],[73.735,35.532],[73.751,35.524],[73.786,35.524],[73.786,35.463],[73.794,35.449],[73.755,35.443],[73.753,35.432],[73.727,35.419],[73.698,35.371],[73.701,35.353],[73.693,35.349],[73.699,35.314],[73.71,35.303],[73.712,35.28],[73.73,35.274],[73.75,35.221],[73.765,35.221],[73.809,35.243],[73.832,35.227],[73.847,35.226],[73.871,35.205],[73.901,35.212],[73.926,35.21],[73.958,35.165],[74.003,35.185],[74.008,35.171],[74.018,35.167],[74.036,35.15],[74.08,35.156],[74.097,35.146],[74.112,35.153],[74.116,35.123],[74.132,35.119],[74.129,35.105],[74.095,35.091],[74.087,35.083],[74.077,35.048],[74.083,35.037],[74.108,35.026],[74.111,35.018],[74.097,35.001],[74.069,34.997],[74.061,34.989],[74.072,34.938],[74.039,34.914],[74.045,34.89],[74.022,34.874],[74.008,34.875],[73.995,34.865],[73.978,34.866],[73.968,34.836],[73.934,34.832],[73.934,34.817],[73.928,34.811],[73.898,34.82],[73.865,34.809],[73.853,34.815],[73.838,34.814],[73.831,34.791],[73.801,34.794],[73.795,34.79],[73.778,34.795],[73.728,34.764],[73.728,34.754],[73.716,34.745],[73.704,34.719],[73.686,34.706],[73.687,34.692],[73.665,34.67],[73.664,34.663],[73.7,34.648],[73.659,34.599],[73.666,34.58],[73.657,34.563],[73.636,34.565],[73.618,34.582],[73.574,34.584],[73.564,34.59],[73.537,34.572],[73.523,34.57],[73.496,34.577],[73.48,34.571],[73.466,34.575],[73.453,34.569],[73.448,34.536],[73.436,34.527],[73.444,34.505],[73.429,34.469],[73.433,34.435],[73.428,34.417],[73.413,34.386],[73.398,34.378],[73.403,34.366],[73.449,34.321],[73.452,34.3],[73.462,34.288],[73.47,34.28],[73.479,34.284],[73.48,34.291],[73.488,34.279],[73.474,34.256],[73.499,34.208],[73.495,34.135],[73.503,34.069],[73.511,34.059],[73.515,34.037],[73.511,34.019],[73.501,34.018],[73.524,34.013],[73.519,34],[73.535,33.988],[73.544,33.954],[73.569,33.92],[73.588,33.907],[73.595,33.892],[73.592,33.863],[73.567,33.798],[73.599,33.74],[73.601,33.699],[73.596,33.681],[73.577,33.667],[73.572,33.63],[73.602,33.606],[73.628,33.568],[73.626,33.545],[73.633,33.54],[73.634,33.526],[73.621,33.52],[73.612,33.508],[73.612,33.492],[73.63,33.456],[73.602,33.435],[73.583,33.403],[73.576,33.377],[73.589,33.342],[73.608,33.335],[73.604,33.319],[73.618,33.289],[73.614,33.279],[73.627,33.242],[73.645,33.234],[73.647,33.223],[73.662,33.221],[73.67,33.211],[73.67,33.152],[73.625,33.132],[73.624,33.114],[73.634,33.093],[73.653,33.08],[73.73,33.064],[73.746,33.056],[73.776,33.021],[73.816,33.01],[73.83,33.012],[73.878,33.035],[73.904,33.039],[73.926,33.034],[73.945,33.02],[73.984,32.967],[74.001,32.954],[74.053,32.931],[74.083,32.928],[74.173,32.883],[74.341,32.81],[74.349,32.783],[74.372,32.77],[74.392,32.767],[74.411,32.772],[74.44,32.788],[74.445,32.804],[74.448,32.794],[74.46,32.789],[74.464,32.777],[74.475,32.777],[74.485,32.765],[74.511,32.764],[74.515,32.757],[74.51,32.747],[74.514,32.744],[74.519,32.748],[74.533,32.745],[74.543,32.751],[74.547,32.746],[74.556,32.759],[74.566,32.76],[74.58,32.749],[74.617,32.761],[74.638,32.751],[74.632,32.776],[74.64,32.782],[74.654,32.781],[74.659,32.787],[74.64,32.798],[74.633,32.809],[74.653,32.828],[74.659,32.83],[74.666,32.824],[74.682,32.837],[74.705,32.842],[74.705,32.817],[74.696,32.811],[74.675,32.757],[74.654,32.729],[74.664,32.726],[74.654,32.697],[74.666,32.676],[74.696,32.666],[74.695,32.661],[74.688,32.652],[74.681,32.652],[74.672,32.646],[74.67,32.638],[74.655,32.637],[74.654,32.615],[74.638,32.615],[74.642,32.6],[74.659,32.597],[74.648,32.586],[74.655,32.581],[74.652,32.563],[74.673,32.568],[74.673,32.554],[74.661,32.554],[74.662,32.546],[74.69,32.534],[74.681,32.493],[74.692,32.487],[74.71,32.493],[74.712,32.479],[74.727,32.476],[74.73,32.481],[74.753,32.478],[74.755,32.483],[74.796,32.477],[74.801,32.483],[74.813,32.48],[74.82,32.5],[74.846,32.49],[74.858,32.494],[74.868,32.485],[74.877,32.494],[74.885,32.49],[74.876,32.477],[74.9,32.467],[74.905,32.473],[74.918,32.464],[74.93,32.472],[74.939,32.471],[74.943,32.452],[74.952,32.446],[74.966,32.458],[74.992,32.452],[75.016,32.464],[75.02,32.468],[75.016,32.477],[75.027,32.498],[75.043,32.486],[75.078,32.476],[75.085,32.469],[75.102,32.477],[75.109,32.474],[75.109,32.46],[75.121,32.455],[75.119,32.444],[75.134,32.428],[75.128,32.424],[75.133,32.409],[75.153,32.421],[75.178,32.421],[75.18,32.425],[75.192,32.426],[75.202,32.415],[75.193,32.411],[75.193,32.401],[75.209,32.395],[75.213,32.403],[75.245,32.385],[75.251,32.391],[75.257,32.389],[75.258,32.372],[75.273,32.376],[75.29,32.37],[75.287,32.361],[75.3,32.353],[75.299,32.347],[75.322,32.344],[75.327,32.328],[75.338,32.321],[75.33,32.313],[75.335,32.311],[75.321,32.297],[75.35,32.29],[75.344,32.279],[75.372,32.279],[75.381,32.269],[75.373,32.267],[75.371,32.258],[75.372,32.226],[75.357,32.218],[75.331,32.22],[75.316,32.208],[75.32,32.204],[75.31,32.195],[75.318,32.188],[75.316,32.181],[75.322,32.179],[75.307,32.169],[75.299,32.153],[75.285,32.152],[75.277,32.137],[75.283,32.132],[75.279,32.117],[75.263,32.112],[75.267,32.107],[75.262,32.102],[75.245,32.1],[75.24,32.091],[75.229,32.093],[75.235,32.104],[75.227,32.107],[75.224,32.098],[75.218,32.103],[75.216,32.121],[75.203,32.12],[75.206,32.103],[75.204,32.097],[75.198,32.099],[75.198,32.083],[75.179,32.076],[75.174,32.068],[75.158,32.082],[75.123,32.081],[75.121,32.075],[75.107,32.07],[75.105,32.059],[75.091,32.072],[75.084,32.06],[75.073,32.06],[75.069,32.067],[75.063,32.056],[75.051,32.053],[75.041,32.043],[75.034,32.051],[75.022,32.049],[75.012,32.036],[75.005,32.038],[75.003,32.044],[74.972,32.043],[74.978,32.047],[74.974,32.053],[74.934,32.066],[74.925,32.066],[74.905,32.05],[74.879,32.054],[74.869,32.042],[74.88,32.032],[74.869,32.022],[74.865,32.03],[74.866,32.023],[74.848,32.02],[74.853,32.013],[74.829,31.999],[74.831,31.981],[74.819,31.959],[74.806,31.963],[74.802,31.958],[74.782,31.956],[74.768,31.948],[74.755,31.956],[74.756,31.944],[74.743,31.94],[74.734,31.945],[74.731,31.941],[74.72,31.941],[74.714,31.932],[74.719,31.924],[74.706,31.921],[74.699,31.926],[74.677,31.926],[74.674,31.919],[74.667,31.923],[74.658,31.902],[74.651,31.902],[74.636,31.884],[74.629,31.882],[74.607,31.89],[74.607,31.868],[74.598,31.868],[74.591,31.849],[74.583,31.852],[74.572,31.839],[74.573,31.816],[74.558,31.805],[74.567,31.796],[74.556,31.791],[74.551,31.779],[74.555,31.767],[74.562,31.763],[74.559,31.758],[74.547,31.749],[74.504,31.74],[74.503,31.728],[74.491,31.724],[74.487,31.715],[74.499,31.709],[74.502,31.696],[74.535,31.678],[74.529,31.666],[74.54,31.66],[74.537,31.653],[74.547,31.646],[74.555,31.608],[74.575,31.604],[74.579,31.6],[74.575,31.598],[74.592,31.574],[74.616,31.569],[74.607,31.563],[74.619,31.552],[74.614,31.551],[74.613,31.527],[74.584,31.521],[74.58,31.511],[74.584,31.507],[74.58,31.507],[74.587,31.504],[74.581,31.499],[74.575,31.501],[74.587,31.496],[74.594,31.496],[74.595,31.502],[74.61,31.5],[74.622,31.482],[74.625,31.486],[74.637,31.485],[74.63,31.484],[74.628,31.477],[74.636,31.478],[74.652,31.457],[74.639,31.444],[74.655,31.426],[74.643,31.416],[74.622,31.43],[74.619,31.42],[74.609,31.424],[74.601,31.42],[74.603,31.416],[74.597,31.416],[74.587,31.398],[74.583,31.379],[74.552,31.364],[74.549,31.335],[74.537,31.33],[74.535,31.313],[74.526,31.312],[74.542,31.304],[74.521,31.272],[74.533,31.249],[74.517,31.228],[74.526,31.212],[74.52,31.184],[74.51,31.18],[74.515,31.151],[74.51,31.132],[74.548,31.122],[74.551,31.086],[74.571,31.081],[74.574,31.086],[74.589,31.088],[74.589,31.092],[74.601,31.088],[74.599,31.093],[74.611,31.099],[74.61,31.112],[74.597,31.127],[74.602,31.133],[74.631,31.133],[74.636,31.118],[74.659,31.134],[74.667,31.124],[74.689,31.128],[74.702,31.092],[74.691,31.081],[74.696,31.074],[74.671,31.054],[74.613,31.045],[74.597,31.038],[74.59,31.05],[74.574,31.057],[74.568,31.055],[74.559,31.037],[74.548,31.032],[74.542,31.017],[74.54,31.009],[74.546,30.992],[74.516,30.98],[74.506,30.966],[74.499,30.964],[74.492,30.974],[74.481,30.971],[74.48,30.974],[74.457,30.964],[74.466,30.957],[74.442,30.952],[74.439,30.942],[74.416,30.94],[74.414,30.93],[74.429,30.931],[74.424,30.921],[74.41,30.923],[74.424,30.916],[74.423,30.908],[74.397,30.909],[74.383,30.895],[74.366,30.893],[74.361,30.874],[74.382,30.86],[74.365,30.857],[74.368,30.852],[74.363,30.847],[74.348,30.855],[74.339,30.853],[74.341,30.849],[74.32,30.847],[74.32,30.827],[74.295,30.794],[74.307,30.789],[74.302,30.779],[74.261,30.775],[74.274,30.744],[74.287,30.736],[74.281,30.731],[74.275,30.737],[74.268,30.734],[74.261,30.723],[74.232,30.724],[74.219,30.693],[74.193,30.665],[74.163,30.648],[74.149,30.631],[74.138,30.627],[74.127,30.635],[74.118,30.608],[74.105,30.619],[74.096,30.611],[74.102,30.611],[74.101,30.603],[74.095,30.601],[74.102,30.579],[74.073,30.555],[74.08,30.548],[74.091,30.549],[74.072,30.523],[74.057,30.519],[74.05,30.538],[74.039,30.543],[74.038,30.532],[74.031,30.527],[74.024,30.526],[74.012,30.534],[74.011,30.521],[74.02,30.514],[73.993,30.514],[73.982,30.504],[73.964,30.485],[73.97,30.475],[73.964,30.456],[73.95,30.46],[73.948,30.484],[73.935,30.49],[73.928,30.466],[73.937,30.445],[73.927,30.439],[73.95,30.437],[73.974,30.444],[73.964,30.424],[73.949,30.417],[73.936,30.402],[73.922,30.398],[73.914,30.382],[73.884,30.367],[73.88,30.36],[73.903,30.349],[73.931,30.32],[73.956,30.276],[73.973,30.198],[73.826,30.091],[73.807,30.068],[73.597,30.019],[73.397,29.946],[73.282,29.572],[73.084,29.236],[73.004,29.153],[72.946,29.028],[72.733,28.948],[72.479,28.812],[72.404,28.783],[72.39,28.77],[72.299,28.67],[72.207,28.395],[72.132,28.313],[72.004,28.219],[71.927,28.122],[71.898,27.961],[71.666,27.878],[71.383,27.873],[71.206,27.835],[70.983,27.742],[70.963,27.729],[70.951,27.729],[70.906,27.709],[70.872,27.706],[70.759,27.721],[70.74,27.742],[70.733,27.76],[70.684,27.828],[70.677,27.922],[70.599,27.993],[70.589,28.01],[70.554,28.026],[70.506,28.037],[70.439,28.02],[70.372,28.012],[70.296,27.936],[70.227,27.901],[70.133,27.806],[70.026,27.563],[69.934,27.498],[69.891,27.433],[69.863,27.402],[69.76,27.321],[69.703,27.284],[69.645,27.225],[69.587,27.183],[69.513,27.01],[69.498,26.867],[69.484,26.805],[69.51,26.744],[69.722,26.653],[69.792,26.598],[69.823,26.589],[69.886,26.579],[69.935,26.581],[70.056,26.601],[70.117,26.587],[70.174,26.551],[70.184,26.485],[70.177,26.424],[70.185,26.374],[70.164,26.295],[70.175,26.251],[70.168,26.218],[70.141,26.156],[70.083,26.083],[70.1,25.938],[70.174,25.828],[70.222,25.793],[70.247,25.762],[70.269,25.714],[70.358,25.68],[70.387,25.674],[70.449,25.682],[70.53,25.683],[70.609,25.715],[70.647,25.713],[70.66,25.702],[70.674,25.676],[70.667,25.531],[70.679,25.526],[70.672,25.42],[70.665,25.397],[70.737,25.332],[70.752,25.278],[70.888,25.148],[70.916,25.01],[70.938,24.939],[71.027,24.809],[71.066,24.717],[71.096,24.689],[71.075,24.662],[71.009,24.635],[70.986,24.596],[70.993,24.564],[70.987,24.544],[71.005,24.523],[70.996,24.475],[70.999,24.444],[71.009,24.445],[71.037,24.432],[71.067,24.437],[71.103,24.436],[71.126,24.42],[71.12,24.402],[71.084,24.395],[71.058,24.362],[71.042,24.351],[71.02,24.347],[71.003,24.351],[70.986,24.365],[70.947,24.349],[70.924,24.326],[70.878,24.302],[70.882,24.3],[70.874,24.295],[70.875,24.281],[70.882,24.273],[70.909,24.263],[70.907,24.259],[70.877,24.246],[70.852,24.245],[70.836,24.232],[70.805,24.221],[70.714,24.216],[70.644,24.225],[70.571,24.252],[70.585,24.278],[70.585,24.29],[70.562,24.354],[70.58,24.363],[70.603,24.408],[70.573,24.422],[70.561,24.421],[70.549,24.412],[70.412,24.375],[70.392,24.361],[70.369,24.351],[70.327,24.352],[70.285,24.341],[70.254,24.325],[70.214,24.321],[70.166,24.303],[70.139,24.303],[70.11,24.295],[70.067,24.199],[70.039,24.176],[70.025,24.171],[69.732,24.171],[69.594,24.292],[69.559,24.28],[69.494,24.268],[69.444,24.28],[69.381,24.269],[69.313,24.281],[69.194,24.236],[69.095,24.274],[69.021,24.228],[69.003,24.223],[68.985,24.228],[68.967,24.272],[68.945,24.303],[68.907,24.28],[68.88,24.216],[68.866,24.212],[68.857,24.214],[68.847,24.239],[68.844,24.278],[68.831,24.312],[68.826,24.317],[68.82,24.312],[68.808,24.313],[68.765,24.296],[68.769,24.266],[68.753,23.971],[68.398,23.97],[68.394,23.967],[68.38,23.971],[68.372,23.965],[68.372,23.942],[68.365,23.94],[68.361,23.942],[68.364,23.951],[68.357,23.974],[68.346,23.961],[68.351,23.94],[68.335,23.916],[68.322,23.913],[68.294,23.922],[68.279,23.917],[68.278,23.909],[68.289,23.903],[68.291,23.893],[68.282,23.889],[68.267,23.895],[68.258,23.883],[68.257,23.875],[68.267,23.871],[68.264,23.85],[68.258,23.844],[68.261,23.835],[68.246,23.854],[68.231,23.835],[68.207,23.834],[68.215,23.758],[68.208,23.758],[68.19,23.727],[68.216,23.695],[68.227,23.696],[68.231,23.707],[68.227,23.688],[68.246,23.671],[68.262,23.677],[68.269,23.688],[68.255,23.713],[68.263,23.723],[68.262,23.736],[68.266,23.723],[68.259,23.711],[68.271,23.698],[68.282,23.703],[68.295,23.72],[68.285,23.729],[68.298,23.724],[68.327,23.733],[68.32,23.758],[68.336,23.752],[68.35,23.73],[68.339,23.741],[68.33,23.723],[68.332,23.712],[68.327,23.722],[68.314,23.717],[68.293,23.683],[68.302,23.677],[68.291,23.679],[68.284,23.675],[68.262,23.65],[68.228,23.644],[68.231,23.64],[68.241,23.641],[68.235,23.638],[68.227,23.639],[68.217,23.646],[68.2,23.633],[68.202,23.64],[68.195,23.637],[68.212,23.648],[68.191,23.646],[68.177,23.632],[68.172,23.617],[68.178,23.603],[68.209,23.577],[68.254,23.568],[68.27,23.603],[68.267,23.618],[68.272,23.625],[68.274,23.602],[68.29,23.598],[68.278,23.589],[68.277,23.595],[68.272,23.594],[68.26,23.568],[68.26,23.56],[68.266,23.556],[68.293,23.572],[68.35,23.582],[68.375,23.597],[68.375,23.603],[68.364,23.612],[68.372,23.611],[68.375,23.605],[68.386,23.6],[68.392,23.606],[68.382,23.621],[68.379,23.614],[68.377,23.624],[68.37,23.624],[68.376,23.628],[68.375,23.639],[68.384,23.625],[68.394,23.626],[68.4,23.637],[68.395,23.654],[68.413,23.688],[68.42,23.717],[68.418,23.758],[68.399,23.751],[68.413,23.761],[68.422,23.761],[68.434,23.777],[68.422,23.806],[68.427,23.819],[68.438,23.823],[68.446,23.818],[68.446,23.792],[68.453,23.779],[68.45,23.767],[68.431,23.743],[68.434,23.736],[68.477,23.743],[68.46,23.769],[68.464,23.774],[68.466,23.765],[68.498,23.758],[68.514,23.745],[68.521,23.77],[68.515,23.78],[68.524,23.776],[68.522,23.759],[68.532,23.752],[68.582,23.814],[68.64,23.825],[68.647,23.834],[68.643,23.842],[68.633,23.84],[68.64,23.845],[68.659,23.835],[68.683,23.849],[68.68,23.855],[68.668,23.852],[68.659,23.859],[68.68,23.857],[68.691,23.846],[68.716,23.847],[68.717,23.855],[68.749,23.847],[68.77,23.866],[68.762,23.884],[68.774,23.869],[68.772,23.859],[68.779,23.867],[68.787,23.868],[68.79,23.884],[68.799,23.885],[68.811,23.879],[68.798,23.883],[68.793,23.878],[68.796,23.873],[68.79,23.86],[68.765,23.841],[68.742,23.84],[68.718,23.826],[68.682,23.821],[68.675,23.816],[68.68,23.799],[68.675,23.813],[68.667,23.812],[68.633,23.772],[68.63,23.761],[68.624,23.762],[68.587,23.735],[68.548,23.714],[68.538,23.698],[68.492,23.654],[68.484,23.631],[68.47,23.62],[68.467,23.597],[68.453,23.597],[68.453,23.581],[68.445,23.571],[68.448,23.567],[68.461,23.574],[68.446,23.563],[68.428,23.558],[68.425,23.509],[68.432,23.502],[68.45,23.505],[68.44,23.529],[68.469,23.551],[68.449,23.532],[68.454,23.516],[68.457,23.511],[68.47,23.51],[68.484,23.518],[68.484,23.527],[68.485,23.517],[68.45,23.498],[68.449,23.48],[68.455,23.476],[68.462,23.481],[68.485,23.478],[68.49,23.485],[68.509,23.494],[68.493,23.471],[68.498,23.454],[68.505,23.456],[68.522,23.446],[68.522,23.457],[68.53,23.419],[68.541,23.413],[68.538,23.407],[68.559,23.395],[68.57,23.403],[68.569,23.398],[68.574,23.4],[68.559,23.392],[68.564,23.38],[68.586,23.373],[68.582,23.383],[68.599,23.366],[68.601,23.359],[68.597,23.356],[68.599,23.362],[68.589,23.372],[68.569,23.373],[68.564,23.365],[68.576,23.358],[68.572,23.357],[68.576,23.347],[68.582,23.35],[68.593,23.335],[68.612,23.324],[68.619,23.325],[68.619,23.349],[68.608,23.367],[68.622,23.347],[68.621,23.34],[68.626,23.345],[68.624,23.335],[68.637,23.315],[68.631,23.321],[68.636,23.306],[68.64,23.31],[68.656,23.301],[68.662,23.317],[68.66,23.302],[68.679,23.302],[68.628,23.293],[68.626,23.283],[68.634,23.267],[68.642,23.264],[68.662,23.273],[68.655,23.269],[68.66,23.266],[68.65,23.263],[68.658,23.252],[68.648,23.258],[68.648,23.254],[68.641,23.255],[68.631,23.245],[68.604,23.241],[68.618,23.218],[68.63,23.22],[68.619,23.215],[68.61,23.23],[68.602,23.227],[68.604,23.235],[68.598,23.24],[68.584,23.236],[68.579,23.227],[68.617,23.188],[68.637,23.18],[68.639,23.186],[68.648,23.183],[68.638,23.177],[68.644,23.17],[68.659,23.175],[68.661,23.18],[68.683,23.149],[68.693,23.15],[68.708,23.143],[68.706,23.137],[68.721,23.134],[68.715,23.132],[68.717,23.125],[68.658,23.151],[68.63,23.178],[68.632,23.169],[68.641,23.165],[68.655,23.149],[68.714,23.117],[68.757,23.08],[68.809,23.059],[68.816,23.065],[68.814,23.057],[68.962,22.968],[68.982,22.992],[68.969,22.967],[68.991,22.954],[69.007,22.949],[69.004,22.959],[69.014,22.983],[69.007,22.954],[69.01,22.951],[69.014,22.955],[69.015,22.949],[69.009,22.947],[69.064,22.915],[69.064,22.925],[69.076,22.952],[69.066,22.922],[69.069,22.917],[69.08,22.922],[69.082,22.929],[69.085,22.908],[69.08,22.908],[69.085,22.903],[69.092,22.905],[69.093,22.901],[69.086,22.902],[69.108,22.887],[69.116,22.892],[69.124,22.884],[69.142,22.896],[69.121,22.878],[69.175,22.849],[69.17,22.858],[69.193,22.85],[69.196,22.836],[69.204,22.84],[69.2,22.835],[69.219,22.833],[69.227,22.837],[69.222,22.858],[69.225,22.876],[69.23,22.843],[69.235,22.838],[69.23,22.833],[69.276,22.822],[69.298,22.828],[69.304,22.835],[69.319,22.837],[69.324,22.844],[69.321,22.836],[69.303,22.83],[69.317,22.831],[69.35,22.818],[69.358,22.833],[69.35,22.845],[69.349,22.867],[69.362,22.881],[69.353,22.862],[69.357,22.84],[69.372,22.855],[69.352,22.818],[69.382,22.815],[69.452,22.775],[69.478,22.771],[69.498,22.777],[69.471,22.791],[69.494,22.782],[69.528,22.785],[69.547,22.782],[69.555,22.791],[69.569,22.796],[69.552,22.782],[69.559,22.775],[69.569,22.778],[69.561,22.774],[69.577,22.76],[69.613,22.757],[69.603,22.778],[69.617,22.76],[69.661,22.748],[69.664,22.752],[69.652,22.758],[69.661,22.758],[69.659,22.763],[69.664,22.772],[69.668,22.763],[69.662,22.761],[69.662,22.756],[69.666,22.753],[69.675,22.752],[69.692,22.74],[69.711,22.738],[69.709,22.745],[69.683,22.763],[69.717,22.744],[69.705,22.76],[69.717,22.752],[69.72,22.762],[69.714,22.774],[69.726,22.765],[69.731,22.777],[69.724,22.782],[69.73,22.784],[69.714,22.799],[69.721,22.798],[69.734,22.78],[69.744,22.787],[69.743,22.804],[69.729,22.819],[69.742,22.811],[69.744,22.83],[69.75,22.816],[69.759,22.819],[69.774,22.832],[69.772,22.835],[69.782,22.835],[69.79,22.842],[69.778,22.855],[69.785,22.855],[69.784,22.864],[69.79,22.849],[69.799,22.845],[69.808,22.848],[69.81,22.854],[69.812,22.847],[69.829,22.853],[69.832,22.864],[69.839,22.856],[69.875,22.867],[69.891,22.891],[69.881,22.909],[69.885,22.913],[69.891,22.904],[69.895,22.914],[69.89,22.877],[69.898,22.871],[69.91,22.877],[69.912,22.886],[69.93,22.896],[69.956,22.897],[69.947,22.901],[69.945,22.908],[69.965,22.897],[69.997,22.902],[70.002,22.909],[70.002,22.904],[70.007,22.905],[70.004,22.92],[70.011,22.905],[70.02,22.907],[70.017,22.91],[70.067,22.92],[70.071,22.91],[70.089,22.913],[70.1,22.908],[70.109,22.92],[70.14,22.933],[70.137,22.943],[70.114,22.946],[70.128,22.945],[70.13,22.948],[70.107,22.964],[70.126,22.982],[70.132,22.996],[70.132,22.98],[70.119,22.968],[70.12,22.962],[70.148,22.946],[70.164,22.94],[70.173,22.946],[70.196,22.942],[70.224,22.953],[70.228,22.96],[70.206,22.977],[70.233,22.964],[70.22,23.023],[70.214,23.024],[70.221,23.027],[70.22,23.042],[70.215,23.049],[70.219,23.055],[70.227,23.052],[70.231,23.038],[70.235,22.979],[70.264,22.955],[70.287,22.945],[70.352,22.923],[70.39,22.936],[70.403,22.963],[70.395,22.972],[70.396,22.98],[70.434,22.979],[70.436,22.971],[70.431,22.965],[70.448,22.97],[70.44,22.963],[70.448,22.957],[70.428,22.956],[70.411,22.927],[70.417,22.923],[70.377,22.91],[70.351,22.885],[70.335,22.825],[70.32,22.795],[70.323,22.784],[70.318,22.784],[70.316,22.778],[70.318,22.759],[70.3,22.743],[70.295,22.73],[70.286,22.73],[70.27,22.718],[70.268,22.721],[70.26,22.718],[70.272,22.709],[70.263,22.703],[70.265,22.7],[70.275,22.7],[70.284,22.694],[70.27,22.698],[70.273,22.692],[70.266,22.691],[70.272,22.688],[70.269,22.684],[70.284,22.676],[70.269,22.673],[70.263,22.686],[70.262,22.68],[70.255,22.682],[70.25,22.675],[70.26,22.671],[70.255,22.669],[70.259,22.657],[70.236,22.635],[70.228,22.634],[70.229,22.624],[70.208,22.609],[70.215,22.598],[70.198,22.601],[70.2,22.584],[70.212,22.586],[70.213,22.58],[70.206,22.579],[70.216,22.57],[70.21,22.573],[70.205,22.568],[70.2,22.571],[70.204,22.577],[70.194,22.575],[70.192,22.58],[70.178,22.567],[70.18,22.552],[70.174,22.542],[70.163,22.552],[70.146,22.555],[70.144,22.536],[70.141,22.55],[70.132,22.552],[70.123,22.546],[70.12,22.521],[70.117,22.526],[70.116,22.52],[70.114,22.525],[70.107,22.52],[70.12,22.537],[70.118,22.55],[70.088,22.549],[70.088,22.54],[70.087,22.547],[70.072,22.551],[70.066,22.541],[70.065,22.55],[70.042,22.56],[70.033,22.557],[70.026,22.536],[70.018,22.537],[70.028,22.552],[70.02,22.546],[70.007,22.547],[70.004,22.536],[70.002,22.547],[69.986,22.545],[69.98,22.542],[69.985,22.54],[69.982,22.536],[69.972,22.539],[69.946,22.527],[69.952,22.509],[69.965,22.517],[69.961,22.507],[69.955,22.507],[69.961,22.503],[69.949,22.507],[69.945,22.502],[69.948,22.507],[69.942,22.512],[69.935,22.507],[69.93,22.51],[69.915,22.496],[69.916,22.492],[69.908,22.489],[69.905,22.479],[69.913,22.458],[69.923,22.449],[69.921,22.438],[69.917,22.454],[69.915,22.445],[69.898,22.465],[69.867,22.446],[69.832,22.45],[69.821,22.417],[69.808,22.398],[69.787,22.405],[69.761,22.441],[69.751,22.428],[69.74,22.429],[69.744,22.434],[69.73,22.442],[69.737,22.444],[69.732,22.45],[69.74,22.45],[69.728,22.475],[69.703,22.45],[69.701,22.442],[69.709,22.433],[69.698,22.42],[69.699,22.398],[69.664,22.395],[69.655,22.379],[69.655,22.359],[69.646,22.357],[69.648,22.351],[69.66,22.347],[69.668,22.323],[69.663,22.331],[69.655,22.333],[69.651,22.348],[69.622,22.365],[69.61,22.349],[69.613,22.328],[69.612,22.336],[69.607,22.33],[69.61,22.347],[69.604,22.33],[69.605,22.343],[69.601,22.345],[69.596,22.339],[69.599,22.346],[69.594,22.352],[69.581,22.344],[69.574,22.322],[69.571,22.33],[69.579,22.343],[69.569,22.332],[69.571,22.341],[69.591,22.354],[69.59,22.365],[69.583,22.364],[69.575,22.37],[69.564,22.352],[69.559,22.355],[69.552,22.349],[69.561,22.363],[69.545,22.375],[69.557,22.375],[69.555,22.388],[69.545,22.394],[69.551,22.399],[69.533,22.411],[69.529,22.421],[69.51,22.425],[69.507,22.419],[69.521,22.412],[69.515,22.402],[69.525,22.391],[69.519,22.375],[69.524,22.369],[69.512,22.371],[69.497,22.367],[69.486,22.35],[69.487,22.338],[69.48,22.332],[69.457,22.326],[69.458,22.332],[69.452,22.334],[69.432,22.32],[69.414,22.315],[69.387,22.32],[69.366,22.319],[69.356,22.32],[69.352,22.327],[69.331,22.328],[69.331,22.322],[69.336,22.322],[69.336,22.311],[69.32,22.292],[69.308,22.285],[69.291,22.285],[69.293,22.278],[69.284,22.275],[69.283,22.27],[69.251,22.267],[69.227,22.256],[69.207,22.263],[69.177,22.284],[69.157,22.31],[69.168,22.329],[69.169,22.34],[69.162,22.347],[69.175,22.344],[69.175,22.354],[69.168,22.352],[69.181,22.368],[69.172,22.366],[69.168,22.372],[69.2,22.389],[69.199,22.4],[69.185,22.4],[69.19,22.403],[69.187,22.412],[69.192,22.418],[69.175,22.422],[69.164,22.404],[69.157,22.405],[69.161,22.411],[69.152,22.402],[69.137,22.403],[69.129,22.396],[69.112,22.41],[69.101,22.408],[69.093,22.393],[69.079,22.385],[69.063,22.385],[69.062,22.391],[69.052,22.389],[69.051,22.397],[69.043,22.385],[69.035,22.39],[69.04,22.398],[69.035,22.4],[69.046,22.418],[69.042,22.434],[69.075,22.455],[69.083,22.472],[69.078,22.479],[69.068,22.479],[69.053,22.465],[69.012,22.444],[68.98,22.408],[68.982,22.401],[68.989,22.401],[68.982,22.399],[68.977,22.402],[68.96,22.373],[68.958,22.343],[68.95,22.33],[68.942,22.331],[68.935,22.307],[68.957,22.259],[68.954,22.252],[68.957,22.239],[68.975,22.23],[68.967,22.231],[68.976,22.215],[69.198,21.981],[69.21,21.987],[69.201,21.977],[69.239,21.937],[69.249,21.933],[69.247,21.929],[69.26,21.914],[69.355,21.835],[69.372,21.83],[69.37,21.834],[69.384,21.862],[69.384,21.857],[69.396,21.855],[69.381,21.843],[69.382,21.822],[69.374,21.828],[69.391,21.805],[69.437,21.762],[69.445,21.762],[69.449,21.768],[69.447,21.764],[69.455,21.757],[69.449,21.762],[69.445,21.758],[69.476,21.735],[69.573,21.643],[69.586,21.634],[69.596,21.638],[69.612,21.627],[69.682,21.554],[69.715,21.527],[69.775,21.458],[69.776,21.465],[69.787,21.455],[69.805,21.46],[69.804,21.454],[69.811,21.449],[69.777,21.455],[70.003,21.201],[70.092,21.111],[70.134,21.077],[70.144,21.082],[70.151,21.073],[70.142,21.077],[70.136,21.074],[70.156,21.055],[70.228,20.995],[70.241,20.998],[70.238,20.992],[70.262,20.97],[70.314,20.933],[70.342,20.915],[70.353,20.923],[70.347,20.914],[70.363,20.902],[70.39,20.895],[70.409,20.878],[70.422,20.893],[70.42,20.884],[70.425,20.882],[70.412,20.876],[70.45,20.849],[70.471,20.838],[70.486,20.836],[70.543,20.801],[70.552,20.805],[70.563,20.793],[70.613,20.776],[70.616,20.77],[70.634,20.766],[70.637,20.775],[70.646,20.778],[70.647,20.773],[70.654,20.773],[70.659,20.78],[70.66,20.773],[70.666,20.774],[70.66,20.771],[70.662,20.766],[70.651,20.762],[70.653,20.759],[70.669,20.758],[70.674,20.765],[70.678,20.758],[70.67,20.756],[70.701,20.739],[70.748,20.718],[70.762,20.72],[70.789,20.712],[70.803,20.7],[70.824,20.694],[70.822,20.691],[70.839,20.69],[70.835,20.7],[70.843,20.705],[70.875,20.703],[70.87,20.707],[70.87,20.725],[70.878,20.728],[70.874,20.708],[70.893,20.705],[70.898,20.697],[70.915,20.697],[70.924,20.709],[70.981,20.7],[70.998,20.713],[70.972,20.728],[70.99,20.72],[71.013,20.738],[71.038,20.735],[71.047,20.729],[71.06,20.735],[71.073,20.733],[71.083,20.739],[71.066,20.752],[71.078,20.744],[71.075,20.752],[71.083,20.755],[71.076,20.758],[71.086,20.757],[71.081,20.765],[71.087,20.77],[71.091,20.756],[71.147,20.758],[71.148,20.763],[71.124,20.762],[71.138,20.771],[71.146,20.771],[71.151,20.765],[71.16,20.777],[71.204,20.787],[71.208,20.806],[71.215,20.8],[71.231,20.801],[71.24,20.81],[71.324,20.845],[71.385,20.855],[71.381,20.865],[71.372,20.865],[71.365,20.872],[71.375,20.867],[71.392,20.874],[71.402,20.863],[71.442,20.868],[71.452,20.878],[71.463,20.878],[71.48,20.888],[71.482,20.905],[71.5,20.917],[71.484,20.915],[71.499,20.919],[71.49,20.925],[71.497,20.933],[71.492,20.935],[71.509,20.945],[71.514,20.955],[71.54,20.954],[71.582,20.988],[71.574,20.973],[71.562,20.967],[71.564,20.961],[71.557,20.955],[71.542,20.951],[71.535,20.944],[71.553,20.951],[71.567,20.949],[71.6,20.965],[71.632,20.97],[71.635,20.972],[71.632,20.982],[71.63,20.974],[71.625,20.973],[71.629,20.984],[71.662,20.998],[71.68,20.995],[71.685,20.997],[71.68,21.002],[71.698,21.007],[71.722,21.021],[71.74,21.017],[71.766,21.021],[71.784,21.032],[71.775,21.039],[71.764,21.033],[71.744,21.03],[71.743,21.035],[71.755,21.041],[71.75,21.047],[71.754,21.053],[71.765,21.054],[71.765,21.066],[71.774,21.062],[71.777,21.039],[71.79,21.043],[71.793,21.035],[71.808,21.037],[71.802,21.046],[71.782,21.045],[71.778,21.068],[71.782,21.061],[71.782,21.065],[71.8,21.069],[71.792,21.06],[71.794,21.051],[71.822,21.071],[71.828,21.068],[71.871,21.089],[71.883,21.089],[71.898,21.113],[71.899,21.109],[71.942,21.113],[71.943,21.119],[71.952,21.118],[71.957,21.123],[71.977,21.122],[71.974,21.129],[71.987,21.136],[71.995,21.139],[72.009,21.135],[72.009,21.144],[72.018,21.153],[72.044,21.163],[72.088,21.191],[72.111,21.199],[72.109,21.212],[72.087,21.231],[72.084,21.247],[72.105,21.272],[72.094,21.285],[72.104,21.279],[72.11,21.284],[72.113,21.298],[72.089,21.315],[72.102,21.312],[72.11,21.301],[72.129,21.334],[72.236,21.454],[72.266,21.542],[72.268,21.573],[72.283,21.592],[72.28,21.596],[72.285,21.597],[72.306,21.627],[72.303,21.645],[72.284,21.663],[72.286,21.677],[72.281,21.69],[72.252,21.695],[72.248,21.706],[72.238,21.709],[72.243,21.713],[72.234,21.722],[72.232,21.74],[72.225,21.747],[72.24,21.762],[72.229,21.762],[72.238,21.766],[72.22,21.776],[72.223,21.782],[72.218,21.783],[72.221,21.788],[72.217,21.787],[72.215,21.796],[72.208,21.805],[72.201,21.802],[72.203,21.806],[72.198,21.806],[72.203,21.81],[72.194,21.812],[72.2,21.815],[72.193,21.817],[72.194,21.821],[72.188,21.822],[72.175,21.811],[72.166,21.81],[72.175,21.815],[72.178,21.827],[72.188,21.832],[72.188,21.84],[72.192,21.83],[72.197,21.837],[72.198,21.829],[72.202,21.832],[72.203,21.825],[72.209,21.827],[72.21,21.833],[72.203,21.84],[72.215,21.834],[72.215,21.857],[72.22,21.837],[72.215,21.825],[72.238,21.806],[72.25,21.81],[72.257,21.837],[72.257,21.877],[72.252,21.882],[72.258,21.887],[72.247,21.903],[72.25,21.911],[72.242,21.915],[72.243,21.922],[72.227,21.944],[72.211,21.95],[72.202,21.942],[72.188,21.941],[72.178,21.951],[72.168,21.953],[72.163,21.96],[72.17,21.954],[72.182,21.954],[72.19,21.943],[72.212,21.954],[72.232,21.945],[72.247,21.924],[72.237,21.968],[72.238,22],[72.227,22.01],[72.21,22.003],[72.202,22.016],[72.186,22.011],[72.182,22.022],[72.188,22.014],[72.202,22.021],[72.213,22.007],[72.222,22.02],[72.224,22.015],[72.235,22.012],[72.242,22.032],[72.28,22.075],[72.281,22.093],[72.288,22.091],[72.299,22.103],[72.308,22.147],[72.293,22.192],[72.292,22.216],[72.301,22.232],[72.287,22.245],[72.286,22.239],[72.283,22.245],[72.29,22.249],[72.296,22.239],[72.302,22.238],[72.305,22.242],[72.309,22.24],[72.306,22.247],[72.31,22.243],[72.31,22.239],[72.308,22.24],[72.307,22.237],[72.315,22.232],[72.331,22.248],[72.335,22.262],[72.321,22.267],[72.33,22.266],[72.329,22.272],[72.335,22.265],[72.338,22.276],[72.334,22.28],[72.338,22.282],[72.328,22.288],[72.331,22.3],[72.326,22.308],[72.332,22.301],[72.331,22.288],[72.346,22.283],[72.349,22.289],[72.345,22.292],[72.348,22.294],[72.356,22.285],[72.349,22.3],[72.354,22.306],[72.35,22.311],[72.355,22.311],[72.373,22.339],[72.38,22.337],[72.389,22.326],[72.388,22.311],[72.397,22.302],[72.399,22.277],[72.412,22.257],[72.409,22.21],[72.425,22.221],[72.422,22.233],[72.43,22.239],[72.425,22.232],[72.429,22.222],[72.422,22.213],[72.431,22.205],[72.471,22.252],[72.493,22.265],[72.512,22.27],[72.534,22.286],[72.533,22.3],[72.526,22.304],[72.535,22.305],[72.535,22.29],[72.55,22.302],[72.566,22.305],[72.584,22.292],[72.606,22.285],[72.645,22.284],[72.696,22.255],[72.711,22.242],[72.748,22.231],[72.763,22.234],[72.84,22.282],[72.869,22.285],[72.891,22.267],[72.912,22.265],[72.909,22.254],[72.896,22.244],[72.872,22.237],[72.876,22.23],[72.834,22.257],[72.819,22.257],[72.83,22.25],[72.813,22.252],[72.803,22.242],[72.808,22.244],[72.807,22.236],[72.822,22.239],[72.808,22.235],[72.8,22.236],[72.8,22.229],[72.807,22.226],[72.794,22.231],[72.78,22.211],[72.782,22.205],[72.797,22.198],[72.78,22.201],[72.761,22.174],[72.743,22.174],[72.722,22.184],[72.702,22.184],[72.646,22.216],[72.616,22.216],[72.586,22.205],[72.562,22.179],[72.548,22.148],[72.535,22.107],[72.529,22.058],[72.523,22.056],[72.515,22.029],[72.528,22.011],[72.516,22.013],[72.522,22.008],[72.519,22.005],[72.525,22.003],[72.513,21.998],[72.526,21.999],[72.528,21.994],[72.513,21.985],[72.517,21.981],[72.525,21.984],[72.526,21.977],[72.508,21.976],[72.515,21.968],[72.518,21.972],[72.524,21.967],[72.522,21.964],[72.516,21.966],[72.51,21.959],[72.513,21.948],[72.507,21.943],[72.514,21.938],[72.506,21.934],[72.513,21.934],[72.51,21.922],[72.522,21.904],[72.527,21.906],[72.537,21.896],[72.58,21.929],[72.647,21.965],[72.668,21.962],[72.703,21.971],[72.716,21.953],[72.727,21.952],[72.735,21.957],[72.727,21.979],[72.731,21.988],[72.743,21.988],[72.737,21.983],[72.75,21.973],[72.741,21.954],[72.714,21.936],[72.689,21.941],[72.679,21.955],[72.652,21.947],[72.64,21.932],[72.644,21.92],[72.637,21.915],[72.64,21.912],[72.631,21.914],[72.619,21.906],[72.619,21.897],[72.595,21.857],[72.597,21.85],[72.584,21.837],[72.591,21.83],[72.577,21.818],[72.577,21.811],[72.57,21.812],[72.572,21.793],[72.562,21.785],[72.567,21.781],[72.554,21.76],[72.561,21.757],[72.55,21.747],[72.556,21.747],[72.55,21.742],[72.553,21.737],[72.536,21.732],[72.531,21.712],[72.527,21.711],[72.528,21.673],[72.537,21.663],[72.555,21.659],[72.609,21.685],[72.655,21.681],[72.699,21.685],[72.715,21.68],[72.738,21.69],[72.747,21.689],[72.759,21.672],[72.784,21.664],[72.823,21.669],[72.869,21.69],[72.889,21.689],[72.928,21.676],[72.925,21.67],[72.894,21.663],[72.851,21.671],[72.834,21.666],[72.829,21.656],[72.836,21.633],[72.823,21.61],[72.796,21.592],[72.775,21.597],[72.759,21.575],[72.747,21.57],[72.728,21.539],[72.707,21.529],[72.688,21.504],[72.687,21.508],[72.68,21.501],[72.665,21.472],[72.641,21.455],[72.646,21.446],[72.658,21.445],[72.657,21.449],[72.677,21.453],[72.677,21.46],[72.683,21.458],[72.698,21.47],[72.717,21.47],[72.728,21.478],[72.749,21.471],[72.74,21.45],[72.753,21.459],[72.762,21.448],[72.751,21.445],[72.753,21.438],[72.747,21.447],[72.741,21.445],[72.736,21.442],[72.739,21.435],[72.731,21.447],[72.735,21.458],[72.732,21.467],[72.716,21.461],[72.699,21.463],[72.699,21.442],[72.692,21.433],[72.677,21.428],[72.66,21.401],[72.665,21.39],[72.659,21.392],[72.646,21.387],[72.655,21.352],[72.663,21.357],[72.661,21.347],[72.686,21.355],[72.67,21.344],[72.653,21.346],[72.653,21.33],[72.645,21.337],[72.642,21.334],[72.637,21.34],[72.635,21.335],[72.635,21.343],[72.627,21.343],[72.624,21.325],[72.637,21.325],[72.636,21.319],[72.624,21.314],[72.607,21.316],[72.603,21.299],[72.599,21.304],[72.598,21.298],[72.602,21.287],[72.609,21.293],[72.607,21.304],[72.609,21.298],[72.619,21.295],[72.62,21.302],[72.627,21.291],[72.639,21.298],[72.638,21.286],[72.622,21.285],[72.618,21.268],[72.626,21.254],[72.646,21.267],[72.63,21.25],[72.64,21.235],[72.653,21.236],[72.65,21.23],[72.669,21.233],[72.669,21.227],[72.677,21.22],[72.682,21.225],[72.706,21.213],[72.7,21.211],[72.705,21.204],[72.728,21.205],[72.742,21.198],[72.723,21.203],[72.702,21.2],[72.695,21.193],[72.696,21.198],[72.69,21.204],[72.677,21.202],[72.674,21.219],[72.662,21.226],[72.658,21.224],[72.654,21.209],[72.643,21.211],[72.638,21.207],[72.633,21.169],[72.621,21.179],[72.62,21.169],[72.625,21.142],[72.632,21.141],[72.633,21.131],[72.647,21.15],[72.651,21.147],[72.635,21.128],[72.622,21.137],[72.625,21.098],[72.64,21.08],[72.653,21.08],[72.665,21.088],[72.662,21.091],[72.656,21.085],[72.65,21.089],[72.662,21.101],[72.662,21.136],[72.677,21.158],[72.71,21.146],[72.733,21.144],[72.746,21.151],[72.747,21.17],[72.753,21.179],[72.789,21.18],[72.747,21.144],[72.739,21.14],[72.719,21.14],[72.71,21.131],[72.71,21.112],[72.704,21.102],[72.707,21.087],[72.715,21.08],[72.732,21.077],[72.745,21.08],[72.747,21.085],[72.756,21.075],[72.763,21.074],[72.763,21.065],[72.778,21.065],[72.793,21.071],[72.799,21.085],[72.812,21.094],[72.828,21.092],[72.83,21.082],[72.819,21.09],[72.81,21.083],[72.809,21.074],[72.8,21.069],[72.798,21.05],[72.825,21.037],[72.836,21.044],[72.849,21.032],[72.832,21.036],[72.822,21.032],[72.812,21.043],[72.796,21.044],[72.792,21.056],[72.778,21.053],[72.777,21.047],[72.783,21.052],[72.787,21.045],[72.782,21.043],[72.763,21.048],[72.739,21.041],[72.734,21.052],[72.728,21.054],[72.726,21.034],[72.735,21.007],[72.734,20.998],[72.758,20.929],[72.764,20.93],[72.777,20.947],[72.776,20.942],[72.796,20.943],[72.808,20.954],[72.834,20.964],[72.84,20.971],[72.85,20.972],[72.841,20.97],[72.833,20.96],[72.864,20.946],[72.837,20.952],[72.824,20.95],[72.816,20.94],[72.823,20.927],[72.824,20.915],[72.82,20.927],[72.813,20.931],[72.802,20.92],[72.783,20.919],[72.83,20.816],[72.826,20.794],[72.838,20.792],[72.854,20.824],[72.85,20.801],[72.867,20.788],[72.853,20.796],[72.846,20.792],[72.85,20.759],[72.857,20.752],[72.873,20.744],[72.894,20.744],[72.902,20.753],[72.912,20.751],[72.926,20.761],[72.93,20.759],[72.914,20.745],[72.877,20.735],[72.845,20.744],[72.876,20.661],[72.882,20.656],[72.89,20.66],[72.885,20.657],[72.887,20.637],[72.892,20.632],[72.913,20.637],[72.909,20.63],[72.89,20.627],[72.9,20.583],[72.887,20.542],[72.891,20.533],[72.9,20.53],[72.886,20.53],[72.892,20.503],[72.872,20.493],[72.859,20.467],[72.842,20.457],[72.83,20.442],[72.83,20.414],[72.853,20.409],[72.833,20.41],[72.829,20.405],[72.822,20.37],[72.837,20.372],[72.822,20.366],[72.813,20.355],[72.789,20.35],[72.777,20.336],[72.774,20.303],[72.76,20.3],[72.754,20.29],[72.751,20.263],[72.757,20.263],[72.741,20.242],[72.747,20.207],[72.763,20.216],[72.783,20.211],[72.763,20.214],[72.748,20.202],[72.738,20.115],[72.727,20.082],[72.713,20.08],[72.708,20.072],[72.714,20.022],[72.724,19.997],[72.719,19.972],[72.731,19.962],[72.745,19.964],[72.736,19.959],[72.737,19.947],[72.746,19.942],[72.743,19.939],[72.736,19.943],[72.733,19.958],[72.725,19.967],[72.711,19.969],[72.69,19.957],[72.685,19.944],[72.688,19.941],[72.682,19.942],[72.666,19.934],[72.68,19.917],[72.681,19.867],[72.692,19.863],[72.68,19.863],[72.675,19.849],[72.661,19.848],[72.655,19.833],[72.667,19.82],[72.676,19.816],[72.688,19.794],[72.689,19.804],[72.697,19.802],[72.691,19.801],[72.688,19.786],[72.687,19.751],[72.692,19.739],[72.707,19.735],[72.715,19.745],[72.709,19.728],[72.695,19.726],[72.709,19.712],[72.715,19.694],[72.716,19.684],[72.711,19.685],[72.711,19.69],[72.708,19.675],[72.714,19.666],[72.717,19.639],[72.726,19.631],[72.73,19.602],[72.748,19.599],[72.716,19.592],[72.723,19.541],[72.73,19.529],[72.745,19.514],[72.763,19.506],[72.777,19.508],[72.787,19.524],[72.781,19.504],[72.829,19.51],[72.844,19.528],[72.846,19.541],[72.867,19.537],[72.889,19.524],[72.882,19.52],[72.848,19.521],[72.843,19.518],[72.847,19.516],[72.844,19.511],[72.841,19.517],[72.822,19.492],[72.792,19.496],[72.778,19.492],[72.745,19.46],[72.757,19.433],[72.765,19.397],[72.771,19.396],[72.762,19.388],[72.759,19.372],[72.777,19.355],[72.777,19.348],[72.785,19.347],[72.813,19.324],[72.834,19.339],[72.855,19.34],[72.854,19.35],[72.858,19.339],[72.878,19.327],[72.892,19.303],[72.912,19.288],[72.897,19.289],[72.891,19.298],[72.857,19.315],[72.829,19.31],[72.81,19.292],[72.798,19.302],[72.795,19.311],[72.786,19.305],[72.786,19.284],[72.78,19.277],[72.785,19.263],[72.784,19.249],[72.776,19.226],[72.782,19.211],[72.776,19.206],[72.786,19.203],[72.783,19.192],[72.795,19.195],[72.792,19.202],[72.82,19.236],[72.819,19.245],[72.841,19.254],[72.828,19.243],[72.816,19.223],[72.821,19.223],[72.813,19.222],[72.799,19.199],[72.794,19.171],[72.782,19.167],[72.78,19.154],[72.785,19.155],[72.789,19.148],[72.789,19.13],[72.797,19.129],[72.804,19.145],[72.801,19.154],[72.806,19.15],[72.831,19.18],[72.832,19.162],[72.823,19.163],[72.821,19.155],[72.817,19.157],[72.805,19.143],[72.82,19.124],[72.827,19.084],[72.835,19.091],[72.822,19.076],[72.818,19.043],[72.835,19.053],[72.839,19.043],[72.836,19.029],[72.828,19.019],[72.823,19.018],[72.817,19.024],[72.811,18.987],[72.815,18.979],[72.805,18.976],[72.79,18.947],[72.792,18.935],[72.809,18.95],[72.816,18.949],[72.823,18.937],[72.818,18.922],[72.825,18.918],[72.815,18.914],[72.815,18.907],[72.805,18.909],[72.806,18.893],[72.815,18.893],[72.822,18.906],[72.828,18.912],[72.834,18.91],[72.834,18.918],[72.841,18.919],[72.837,18.927],[72.842,18.931],[72.846,18.927],[72.85,18.97],[72.856,18.974],[72.853,18.979],[72.862,18.981],[72.858,18.995],[72.865,18.994],[72.866,19.006],[72.885,19.011],[72.893,18.998],[72.914,18.997],[72.936,19.025],[72.946,19.026],[72.958,19.037],[72.96,19.064],[72.943,19.059],[72.958,19.068],[72.95,19.09],[72.943,19.093],[72.93,19.087],[72.941,19.095],[72.955,19.093],[72.947,19.111],[72.956,19.106],[72.961,19.116],[72.965,19.127],[72.956,19.137],[72.956,19.14],[72.961,19.142],[72.958,19.137],[72.966,19.132],[72.974,19.142],[72.981,19.186],[72.986,19.19],[72.988,19.157],[72.98,19.128],[72.987,19.127],[72.983,19.122],[72.988,19.112],[72.98,19.12],[72.979,19.103],[72.99,19.102],[72.983,19.097],[72.988,19.084],[72.999,19.092],[72.985,19.068],[72.997,19.062],[72.995,19.052],[73.005,19.029],[72.999,19.015],[73.001,19.004],[73.009,19.009],[73.008,18.998],[73.017,18.998],[73.018,19.004],[73.021,19],[73.025,19.004],[73.023,19.013],[73.03,19.001],[73.049,19.019],[73.067,19.021],[73.06,19.017],[73.067,19.003],[73.059,19.015],[73.054,19.015],[73.046,19.008],[73.054,18.997],[73.045,19.003],[73.035,19.001],[73.03,18.992],[73.032,18.986],[73.022,18.99],[73.02,18.98],[72.995,18.968],[72.986,18.971],[72.974,18.962],[72.962,18.97],[72.957,18.969],[72.957,18.962],[72.974,18.96],[72.979,18.948],[72.987,18.943],[72.981,18.94],[72.97,18.951],[72.95,18.946],[72.949,18.935],[72.965,18.917],[72.957,18.901],[72.949,18.91],[72.942,18.907],[72.948,18.891],[72.935,18.892],[72.929,18.911],[72.922,18.91],[72.909,18.897],[72.907,18.885],[72.923,18.865],[72.927,18.85],[72.947,18.844],[72.989,18.865],[72.984,18.849],[72.99,18.824],[72.985,18.811],[72.995,18.805],[73.01,18.813],[73.003,18.806],[73.013,18.802],[72.979,18.8],[73.002,18.779],[72.99,18.749],[72.996,18.732],[73.016,18.715],[73,18.723],[72.988,18.739],[72.985,18.752],[72.98,18.752],[72.997,18.778],[72.964,18.796],[72.949,18.821],[72.939,18.825],[72.925,18.8],[72.913,18.792],[72.908,18.793],[72.902,18.803],[72.893,18.798],[72.888,18.803],[72.868,18.801],[72.864,18.792],[72.865,18.724],[72.857,18.694],[72.871,18.639],[72.883,18.635],[72.891,18.641],[72.9,18.634],[72.887,18.635],[72.885,18.626],[72.911,18.578],[72.925,18.542],[72.953,18.545],[72.968,18.54],[72.98,18.511],[73.006,18.467],[73.006,18.463],[72.995,18.482],[72.975,18.499],[72.965,18.535],[72.942,18.538],[72.913,18.529],[72.907,18.54],[72.912,18.512],[72.905,18.5],[72.904,18.478],[72.895,18.469],[72.895,18.457],[72.908,18.434],[72.907,18.408],[72.929,18.382],[72.927,18.37],[72.915,18.369],[72.921,18.347],[72.938,18.347],[72.938,18.342],[72.945,18.341],[72.961,18.319],[72.971,18.318],[72.958,18.313],[72.969,18.308],[72.972,18.297],[72.985,18.291],[72.994,18.273],[73,18.282],[73.015,18.285],[73.023,18.28],[73.026,18.273],[73.023,18.268],[73.03,18.263],[73.055,18.269],[73.041,18.293],[73.046,18.305],[73.067,18.303],[73.078,18.311],[73.084,18.325],[73.086,18.319],[73.082,18.3],[73.047,18.303],[73.045,18.296],[73.052,18.281],[73.069,18.271],[73.062,18.255],[73.08,18.235],[73.081,18.216],[73.063,18.191],[73.085,18.17],[73.09,18.171],[73.1,18.155],[73.102,18.142],[73.089,18.145],[73.076,18.154],[73.076,18.167],[73.06,18.182],[73.058,18.191],[73.072,18.206],[73.073,18.217],[73.021,18.243],[73.007,18.243],[73.004,18.247],[72.984,18.241],[72.977,18.245],[72.974,18.267],[72.967,18.279],[72.957,18.277],[72.953,18.284],[72.936,18.28],[72.944,18.243],[72.943,18.232],[72.933,18.217],[72.937,18.213],[72.947,18.22],[72.957,18.216],[72.973,18.2],[72.99,18.192],[72.983,18.191],[72.981,18.185],[72.993,18.157],[72.983,18.135],[72.973,18.13],[72.981,18.106],[72.993,18.097],[72.999,18.081],[73.001,18.069],[72.993,18.061],[72.992,18.052],[72.995,18.048],[73.008,18.05],[73.018,18.027],[73.022,18.027],[73.022,18.037],[73.025,18.045],[73.04,18.052],[73.04,18.046],[73.029,18.045],[73.024,18.037],[73.027,18.027],[73.039,18.033],[73.03,18.025],[73.015,18.025],[73.004,18.02],[73.011,18.009],[73.018,18.007],[73.02,17.991],[73.031,17.99],[73.042,17.981],[73.044,17.984],[73.034,17.993],[73.045,17.985],[73.049,17.987],[73.042,17.992],[73.091,17.99],[73.086,17.981],[73.072,17.985],[73.066,17.98],[73.042,17.978],[73.034,17.967],[73.038,17.954],[73.035,17.955],[73.031,17.949],[73.041,17.931],[73.055,17.927],[73.092,17.94],[73.071,17.926],[73.055,17.924],[73.054,17.902],[73.066,17.887],[73.078,17.9],[73.085,17.894],[73.076,17.894],[73.072,17.885],[73.091,17.84],[73.098,17.847],[73.116,17.836],[73.13,17.834],[73.108,17.834],[73.097,17.839],[73.089,17.834],[73.093,17.808],[73.12,17.781],[73.111,17.785],[73.137,17.713],[73.139,17.702],[73.132,17.704],[73.118,17.695],[73.116,17.68],[73.124,17.662],[73.144,17.637],[73.13,17.636],[73.138,17.61],[73.171,17.58],[73.175,17.581],[73.171,17.585],[73.182,17.582],[73.198,17.588],[73.2,17.595],[73.217,17.589],[73.213,17.584],[73.194,17.58],[73.191,17.573],[73.182,17.578],[73.167,17.573],[73.164,17.566],[73.159,17.565],[73.156,17.571],[73.148,17.57],[73.14,17.558],[73.144,17.544],[73.158,17.527],[73.179,17.514],[73.183,17.504],[73.191,17.511],[73.185,17.501],[73.195,17.464],[73.189,17.454],[73.189,17.441],[73.201,17.44],[73.201,17.436],[73.214,17.433],[73.192,17.43],[73.19,17.413],[73.181,17.405],[73.172,17.405],[73.172,17.399],[73.182,17.384],[73.213,17.381],[73.219,17.355],[73.228,17.352],[73.217,17.345],[73.231,17.333],[73.222,17.332],[73.221,17.327],[73.232,17.317],[73.244,17.315],[73.24,17.291],[73.257,17.296],[73.272,17.295],[73.279,17.287],[73.294,17.294],[73.3,17.292],[73.298,17.282],[73.289,17.287],[73.284,17.28],[73.277,17.28],[73.271,17.29],[73.26,17.284],[73.262,17.258],[73.25,17.271],[73.251,17.28],[73.228,17.281],[73.223,17.3],[73.213,17.302],[73.207,17.297],[73.197,17.304],[73.191,17.297],[73.205,17.284],[73.208,17.266],[73.213,17.27],[73.211,17.277],[73.223,17.269],[73.229,17.252],[73.225,17.246],[73.235,17.241],[73.236,17.227],[73.248,17.22],[73.246,17.199],[73.251,17.195],[73.237,17.2],[73.234,17.196],[73.243,17.189],[73.253,17.19],[73.265,17.154],[73.272,17.15],[73.265,17.15],[73.275,17.122],[73.269,17.109],[73.279,17.109],[73.285,17.1],[73.283,17.109],[73.292,17.114],[73.286,17.108],[73.285,17.079],[73.307,17.077],[73.315,17.084],[73.297,17.067],[73.297,17.073],[73.291,17.074],[73.29,17.054],[73.282,17.038],[73.293,17.05],[73.304,17.038],[73.325,17.04],[73.325,17.032],[73.317,17.03],[73.291,17.033],[73.29,17.027],[73.298,17.02],[73.293,17.016],[73.295,17.005],[73.287,16.999],[73.29,17.011],[73.277,17.026],[73.28,17.034],[73.266,17.048],[73.257,17.048],[73.259,17.02],[73.278,17.024],[73.286,17.011],[73.283,16.998],[73.27,16.995],[73.272,16.987],[73.291,16.989],[73.305,16.982],[73.308,16.971],[73.313,16.977],[73.314,16.961],[73.321,16.96],[73.33,16.968],[73.327,16.959],[73.332,16.945],[73.318,16.957],[73.311,16.955],[73.306,16.958],[73.303,16.975],[73.297,16.98],[73.294,16.956],[73.283,16.952],[73.29,16.932],[73.282,16.928],[73.286,16.913],[73.278,16.891],[73.286,16.89],[73.298,16.899],[73.317,16.883],[73.298,16.889],[73.289,16.879],[73.288,16.872],[73.296,16.861],[73.289,16.857],[73.294,16.847],[73.289,16.841],[73.299,16.824],[73.297,16.813],[73.317,16.805],[73.332,16.828],[73.346,16.828],[73.331,16.823],[73.346,16.795],[73.343,16.786],[73.339,16.784],[73.343,16.795],[73.332,16.81],[73.32,16.804],[73.318,16.793],[73.31,16.786],[73.305,16.764],[73.307,16.728],[73.315,16.72],[73.322,16.694],[73.331,16.685],[73.345,16.692],[73.343,16.682],[73.332,16.683],[73.335,16.647],[73.325,16.643],[73.327,16.635],[73.333,16.64],[73.342,16.632],[73.343,16.626],[73.333,16.619],[73.349,16.62],[73.372,16.636],[73.375,16.63],[73.387,16.63],[73.391,16.635],[73.395,16.621],[73.402,16.616],[73.39,16.615],[73.385,16.601],[73.4,16.593],[73.401,16.589],[73.38,16.598],[73.384,16.613],[73.373,16.629],[73.355,16.622],[73.355,16.612],[73.343,16.606],[73.348,16.599],[73.352,16.601],[73.354,16.593],[73.332,16.606],[73.319,16.598],[73.323,16.598],[73.321,16.591],[73.332,16.576],[73.344,16.577],[73.348,16.564],[73.359,16.564],[73.359,16.553],[73.392,16.556],[73.392,16.552],[73.4,16.551],[73.404,16.558],[73.41,16.557],[73.4,16.544],[73.388,16.552],[73.372,16.547],[73.349,16.555],[73.354,16.541],[73.372,16.542],[73.375,16.538],[73.357,16.537],[73.362,16.524],[73.378,16.515],[73.4,16.51],[73.425,16.512],[73.444,16.5],[73.434,16.499],[73.418,16.51],[73.412,16.506],[73.361,16.507],[73.355,16.5],[73.362,16.495],[73.362,16.478],[73.353,16.499],[73.356,16.509],[73.352,16.513],[73.365,16.514],[73.348,16.528],[73.349,16.538],[73.337,16.56],[73.324,16.55],[73.321,16.555],[73.321,16.548],[73.313,16.54],[73.32,16.52],[73.317,16.511],[73.327,16.511],[73.332,16.486],[73.342,16.474],[73.353,16.443],[73.369,16.441],[73.381,16.452],[73.388,16.448],[73.382,16.449],[73.368,16.436],[73.358,16.441],[73.37,16.395],[73.381,16.395],[73.387,16.401],[73.397,16.4],[73.406,16.408],[73.408,16.415],[73.426,16.41],[73.469,16.413],[73.457,16.408],[73.41,16.407],[73.402,16.39],[73.388,16.393],[73.375,16.376],[73.375,16.387],[73.371,16.389],[73.367,16.379],[73.373,16.372],[73.37,16.362],[73.374,16.359],[73.386,16.359],[73.394,16.367],[73.396,16.36],[73.407,16.36],[73.428,16.372],[73.4,16.354],[73.391,16.36],[73.385,16.336],[73.395,16.325],[73.394,16.311],[73.405,16.295],[73.409,16.274],[73.419,16.29],[73.422,16.282],[73.435,16.284],[73.427,16.28],[73.417,16.281],[73.413,16.272],[73.43,16.199],[73.438,16.201],[73.452,16.225],[73.45,16.215],[73.456,16.212],[73.446,16.201],[73.448,16.19],[73.444,16.197],[73.439,16.194],[73.46,16.122],[73.462,16.091],[73.463,16.136],[73.467,16.14],[73.474,16.132],[73.467,16.124],[73.467,16.106],[73.471,16.096],[73.476,16.096],[73.469,16.087],[73.46,16.086],[73.467,16.072],[73.474,16.072],[73.458,16.062],[73.457,16.053],[73.466,16.054],[73.471,16.044],[73.482,16.038],[73.492,16.014],[73.487,15.988],[73.505,15.964],[73.499,15.984],[73.509,15.99],[73.509,15.962],[73.504,15.953],[73.511,15.938],[73.526,15.939],[73.535,15.932],[73.538,15.94],[73.573,15.911],[73.587,15.91],[73.598,15.921],[73.59,15.907],[73.612,15.865],[73.629,15.871],[73.611,15.863],[73.617,15.853],[73.622,15.855],[73.63,15.849],[73.639,15.813],[73.656,15.791],[73.666,15.808],[73.655,15.788],[73.665,15.754],[73.67,15.759],[73.676,15.752],[73.668,15.755],[73.653,15.741],[73.671,15.733],[73.681,15.719],[73.696,15.719],[73.698,15.728],[73.707,15.734],[73.716,15.729],[73.716,15.723],[73.691,15.713],[73.714,15.654],[73.718,15.653],[73.72,15.637],[73.734,15.615],[73.738,15.614],[73.776,15.65],[73.79,15.652],[73.762,15.625],[73.749,15.621],[73.758,15.613],[73.751,15.605],[73.738,15.608],[73.734,15.588],[73.742,15.564],[73.761,15.532],[73.77,15.49],[73.788,15.494],[73.782,15.498],[73.81,15.495],[73.819,15.509],[73.826,15.504],[73.81,15.487],[73.806,15.464],[73.802,15.46],[73.789,15.459],[73.802,15.45],[73.827,15.452],[73.842,15.445],[73.848,15.45],[73.86,15.44],[73.864,15.428],[73.885,15.428],[73.886,15.4],[73.877,15.396],[73.868,15.402],[73.847,15.399],[73.844,15.409],[73.826,15.403],[73.818,15.41],[73.818,15.403],[73.808,15.398],[73.797,15.413],[73.787,15.413],[73.785,15.408],[73.792,15.393],[73.807,15.392],[73.808,15.375],[73.83,15.37],[73.843,15.357],[73.878,15.367],[73.898,15.328],[73.935,15.208],[73.949,15.143],[73.956,15.157],[73.953,15.145],[73.957,15.136],[73.947,15.14],[73.937,15.132],[73.941,15.129],[73.937,15.114],[73.92,15.108],[73.926,15.096],[73.913,15.083],[73.931,15.084],[73.942,15.074],[73.955,15.072],[73.97,15.063],[73.977,15.049],[73.984,15.054],[73.993,15.032],[73.988,15.029],[73.992,15.018],[74.008,15.016],[74.015,15.01],[74.019,15.015],[74.029,15.007],[74.027,15.002],[74.035,14.997],[74.037,14.983],[74.043,14.987],[74.051,14.984],[74.034,14.981],[74.04,14.976],[74.048,14.957],[74.052,14.955],[74.052,14.962],[74.055,14.955],[74.043,14.947],[74.045,14.929],[74.041,14.917],[74.058,14.906],[74.077,14.907],[74.081,14.899],[74.097,14.892],[74.098,14.877],[74.115,14.841],[74.127,14.84],[74.118,14.848],[74.132,14.842],[74.152,14.856],[74.165,14.859],[74.167,14.85],[74.159,14.842],[74.171,14.837],[74.162,14.817],[74.164,14.837],[74.152,14.84],[74.14,14.832],[74.126,14.837],[74.125,14.806],[74.12,14.799],[74.111,14.794],[74.113,14.801],[74.092,14.801],[74.11,14.787],[74.109,14.78],[74.115,14.784],[74.118,14.771],[74.127,14.777],[74.139,14.776],[74.155,14.758],[74.15,14.747],[74.154,14.742],[74.169,14.76],[74.163,14.749],[74.18,14.745],[74.191,14.732],[74.19,14.723],[74.206,14.714],[74.204,14.734],[74.208,14.73],[74.222,14.733],[74.228,14.737],[74.227,14.743],[74.233,14.745],[74.248,14.736],[74.261,14.71],[74.269,14.721],[74.27,14.712],[74.284,14.712],[74.255,14.705],[74.265,14.701],[74.28,14.673],[74.275,14.669],[74.276,14.659],[74.291,14.66],[74.277,14.656],[74.279,14.648],[74.296,14.638],[74.282,14.641],[74.279,14.624],[74.268,14.624],[74.29,14.596],[74.311,14.6],[74.313,14.615],[74.322,14.609],[74.314,14.6],[74.327,14.609],[74.35,14.604],[74.346,14.603],[74.35,14.598],[74.334,14.603],[74.32,14.6],[74.314,14.595],[74.306,14.595],[74.301,14.587],[74.292,14.594],[74.313,14.542],[74.31,14.53],[74.315,14.523],[74.311,14.518],[74.342,14.511],[74.353,14.519],[74.356,14.525],[74.346,14.543],[74.353,14.537],[74.372,14.562],[74.365,14.551],[74.377,14.546],[74.367,14.548],[74.363,14.541],[74.383,14.539],[74.383,14.53],[74.377,14.539],[74.371,14.536],[74.377,14.526],[74.369,14.525],[74.35,14.502],[74.36,14.497],[74.372,14.47],[74.384,14.436],[74.383,14.417],[74.388,14.414],[74.406,14.42],[74.41,14.415],[74.409,14.409],[74.405,14.418],[74.394,14.413],[74.405,14.375],[74.413,14.311],[74.422,14.286],[74.426,14.281],[74.43,14.283],[74.422,14.3],[74.427,14.309],[74.424,14.301],[74.43,14.297],[74.429,14.288],[74.442,14.272],[74.482,14.277],[74.494,14.267],[74.486,14.266],[74.493,14.255],[74.517,14.242],[74.491,14.243],[74.473,14.253],[74.455,14.245],[74.427,14.278],[74.445,14.226],[74.444,14.22],[74.455,14.198],[74.463,14.197],[74.467,14.192],[74.487,14.099],[74.481,14.091],[74.489,14.088],[74.502,14.027],[74.507,14.027],[74.507,14.042],[74.51,14.031],[74.529,14.022],[74.514,14.026],[74.503,14.023],[74.513,13.987],[74.532,13.962],[74.535,13.966],[74.546,13.955],[74.547,13.945],[74.557,13.949],[74.561,13.942],[74.567,13.945],[74.576,13.923],[74.586,13.923],[74.59,13.919],[74.585,13.921],[74.596,13.881],[74.606,13.868],[74.622,13.798],[74.626,13.797],[74.644,13.682],[74.65,13.664],[74.66,13.656],[74.665,13.637],[74.67,13.637],[74.675,13.648],[74.669,13.664],[74.678,13.682],[74.683,13.672],[74.68,13.657],[74.686,13.656],[74.68,13.65],[74.698,13.654],[74.722,13.638],[74.721,13.633],[74.707,13.637],[74.706,13.628],[74.701,13.626],[74.702,13.637],[74.686,13.638],[74.679,13.634],[74.675,13.622],[74.682,13.619],[74.68,13.605],[74.671,13.62],[74.672,13.632],[74.666,13.631],[74.678,13.568],[74.689,13.462],[74.697,13.454],[74.696,13.468],[74.7,13.467],[74.699,13.447],[74.707,13.437],[74.717,13.442],[74.715,13.45],[74.72,13.452],[74.719,13.439],[74.714,13.434],[74.703,13.433],[74.702,13.425],[74.711,13.416],[74.707,13.41],[74.696,13.415],[74.695,13.451],[74.691,13.444],[74.696,13.348],[74.7,13.345],[74.702,13.35],[74.707,13.34],[74.712,13.342],[74.714,13.335],[74.695,13.343],[74.709,13.333],[74.715,13.317],[74.719,13.28],[74.73,13.252],[74.735,13.221],[74.751,13.173],[74.764,13.125],[74.762,13.116],[74.775,13.077],[74.773,13.087],[74.778,13.083],[74.777,13.095],[74.781,13.09],[74.781,13.059],[74.776,13.075],[74.775,13.065],[74.805,12.929],[74.811,12.925],[74.817,12.927],[74.817,12.932],[74.82,12.927],[74.812,12.918],[74.807,12.92],[74.807,12.915],[74.822,12.849],[74.829,12.844],[74.814,12.908],[74.823,12.9],[74.821,12.884],[74.831,12.87],[74.832,12.847],[74.846,12.839],[74.867,12.841],[74.87,12.833],[74.84,12.832],[74.837,12.83],[74.847,12.828],[74.84,12.827],[74.843,12.823],[74.834,12.831],[74.828,12.84],[74.825,12.838],[74.845,12.795],[74.855,12.782],[74.884,12.707],[74.895,12.704],[74.9,12.692],[74.892,12.704],[74.889,12.7],[74.929,12.607],[74.936,12.614],[74.934,12.607],[74.942,12.586],[74.93,12.605],[74.934,12.593],[74.954,12.558],[74.98,12.487],[74.985,12.482],[74.982,12.497],[74.992,12.478],[75,12.475],[75.002,12.492],[75.006,12.479],[75.003,12.469],[74.995,12.469],[74.985,12.477],[75.003,12.441],[75.014,12.447],[75.005,12.437],[75.029,12.393],[75.041,12.386],[75.049,12.37],[75.118,12.202],[75.124,12.203],[75.117,12.215],[75.131,12.212],[75.13,12.198],[75.125,12.202],[75.12,12.195],[75.201,12.004],[75.22,12.01],[75.232,12.022],[75.265,11.991],[75.293,11.952],[75.305,11.954],[75.287,11.975],[75.281,11.995],[75.293,11.986],[75.305,11.96],[75.314,11.95],[75.314,11.958],[75.304,11.97],[75.315,11.97],[75.31,11.966],[75.318,11.953],[75.332,11.947],[75.345,11.933],[75.33,11.935],[75.304,11.95],[75.3,11.943],[75.321,11.916],[75.318,11.906],[75.337,11.894],[75.355,11.862],[75.367,11.851],[75.377,11.859],[75.383,11.858],[75.438,11.804],[75.455,11.778],[75.453,11.783],[75.462,11.782],[75.46,11.8],[75.463,11.804],[75.465,11.781],[75.456,11.772],[75.468,11.765],[75.487,11.78],[75.475,11.768],[75.485,11.77],[75.49,11.765],[75.483,11.768],[75.475,11.763],[75.497,11.733],[75.511,11.727],[75.527,11.706],[75.543,11.711],[75.532,11.702],[75.567,11.631],[75.59,11.571],[75.592,11.576],[75.587,11.59],[75.6,11.57],[75.596,11.563],[75.602,11.545],[75.597,11.554],[75.596,11.55],[75.622,11.484],[75.62,11.476],[75.629,11.472],[75.636,11.461],[75.649,11.468],[75.66,11.464],[75.689,11.44],[75.714,11.391],[75.719,11.39],[75.734,11.347],[75.735,11.357],[75.742,11.355],[75.75,11.363],[75.758,11.36],[75.747,11.355],[75.745,11.345],[75.741,11.353],[75.737,11.352],[75.735,11.331],[75.747,11.317],[75.778,11.228],[75.782,11.227],[75.787,11.237],[75.802,11.234],[75.787,11.234],[75.78,11.222],[75.804,11.162],[75.81,11.166],[75.817,11.18],[75.827,11.179],[75.814,11.162],[75.829,11.157],[75.813,11.157],[75.81,11.161],[75.805,11.155],[75.815,11.146],[75.826,11.124],[75.847,11.144],[75.855,11.141],[75.87,11.124],[75.865,11.116],[75.866,11.125],[75.848,11.141],[75.841,11.127],[75.826,11.12],[75.838,11.102],[75.864,11.007],[75.864,10.991],[75.882,10.937],[75.912,10.785],[75.916,10.782],[75.916,10.807],[75.911,10.812],[75.91,10.827],[75.92,10.807],[75.917,10.794],[75.944,10.801],[75.958,10.817],[75.96,10.811],[75.955,10.804],[75.92,10.778],[75.93,10.766],[75.929,10.759],[75.938,10.734],[75.939,10.743],[75.945,10.752],[75.94,10.742],[75.943,10.722],[76.028,10.528],[76.031,10.534],[76.047,10.534],[76.045,10.552],[76.05,10.545],[76.065,10.543],[76.063,10.536],[76.054,10.542],[76.063,10.525],[76.057,10.534],[76.034,10.528],[76.042,10.522],[76.037,10.523],[76.06,10.488],[76.055,10.487],[76.059,10.475],[76.045,10.5],[76.111,10.35],[76.156,10.184],[76.162,10.178],[76.16,10.187],[76.177,10.189],[76.196,10.2],[76.208,10.195],[76.191,10.184],[76.178,10.184],[76.178,10.175],[76.173,10.183],[76.168,10.18],[76.183,10.144],[76.181,10.14],[76.172,10.14],[76.175,10.135],[76.183,10.137],[76.187,10.132],[76.185,10.119],[76.193,10.1],[76.18,10.118],[76.18,10.108],[76.2,10.064],[76.22,9.999],[76.236,9.987],[76.241,9.973],[76.24,10.003],[76.23,10.018],[76.234,10.018],[76.244,10.036],[76.27,10.033],[76.263,10.03],[76.26,10.023],[76.267,10.026],[76.276,10.005],[76.275,9.99],[76.27,9.991],[76.288,9.947],[76.274,9.966],[76.258,9.971],[76.267,9.956],[76.269,9.938],[76.277,9.933],[76.272,9.93],[76.263,9.939],[76.263,9.958],[76.257,9.965],[76.245,9.971],[76.236,9.96],[76.249,9.923],[76.283,9.752],[76.289,9.75],[76.284,9.744],[76.297,9.607],[76.304,9.589],[76.321,9.467],[76.346,9.394],[76.382,9.316],[76.39,9.32],[76.389,9.338],[76.391,9.325],[76.396,9.324],[76.385,9.307],[76.458,9.142],[76.461,9.146],[76.455,9.154],[76.458,9.159],[76.449,9.167],[76.448,9.172],[76.452,9.173],[76.441,9.187],[76.438,9.207],[76.423,9.239],[76.428,9.25],[76.442,9.233],[76.444,9.197],[76.46,9.163],[76.465,9.164],[76.472,9.142],[76.479,9.148],[76.478,9.167],[76.488,9.166],[76.492,9.171],[76.496,9.168],[76.489,9.164],[76.484,9.165],[76.48,9.155],[76.488,9.136],[76.484,9.129],[76.487,9.115],[76.48,9.125],[76.475,9.124],[76.476,9.116],[76.47,9.119],[76.46,9.136],[76.513,9.024],[76.539,8.934],[76.545,8.938],[76.537,8.961],[76.543,8.957],[76.553,8.971],[76.569,8.975],[76.572,8.982],[76.576,8.977],[76.558,8.967],[76.564,8.962],[76.55,8.958],[76.557,8.952],[76.563,8.955],[76.559,8.945],[76.567,8.947],[76.585,8.979],[76.588,8.994],[76.598,8.991],[76.597,8.981],[76.607,8.99],[76.611,8.975],[76.617,8.98],[76.62,8.975],[76.622,8.982],[76.63,8.983],[76.628,8.991],[76.629,8.985],[76.633,8.986],[76.637,8.993],[76.645,8.993],[76.645,8.999],[76.649,8.996],[76.647,8.987],[76.657,8.995],[76.666,8.994],[76.658,8.989],[76.661,8.978],[76.654,8.985],[76.64,8.982],[76.644,8.977],[76.636,8.982],[76.632,8.979],[76.647,8.97],[76.652,8.975],[76.652,8.967],[76.668,8.974],[76.663,8.965],[76.672,8.964],[76.662,8.954],[76.66,8.964],[76.652,8.957],[76.653,8.962],[76.647,8.959],[76.648,8.964],[76.642,8.966],[76.636,8.96],[76.633,8.969],[76.631,8.953],[76.637,8.956],[76.636,8.953],[76.645,8.952],[76.629,8.947],[76.627,8.957],[76.622,8.955],[76.627,8.964],[76.614,8.968],[76.61,8.962],[76.617,8.959],[76.607,8.951],[76.606,8.97],[76.6,8.971],[76.595,8.967],[76.6,8.961],[76.597,8.947],[76.592,8.948],[76.573,8.927],[76.59,8.932],[76.592,8.941],[76.596,8.935],[76.603,8.934],[76.582,8.921],[76.572,8.92],[76.569,8.913],[76.563,8.925],[76.544,8.932],[76.54,8.927],[76.546,8.9],[76.568,8.875],[76.577,8.879],[76.602,8.865],[76.64,8.825],[76.679,8.773],[76.7,8.737],[76.955,8.424],[76.95,8.438],[76.955,8.44],[76.971,8.41],[76.962,8.42],[76.956,8.42],[76.974,8.397],[76.972,8.388],[76.985,8.377],[76.997,8.374],[77.012,8.35],[77.026,8.345],[77.166,8.239],[77.161,8.245],[77.164,8.25],[77.17,8.24],[77.167,8.236],[77.183,8.217],[77.222,8.195],[77.243,8.173],[77.288,8.155],[77.304,8.142],[77.307,8.132],[77.317,8.123],[77.337,8.126],[77.451,8.092],[77.55,8.074],[77.567,8.088],[77.56,8.092],[77.564,8.118],[77.584,8.137],[77.626,8.153],[77.707,8.163],[77.747,8.175],[77.779,8.195],[77.788,8.209],[77.787,8.223],[77.807,8.24],[77.897,8.274],[77.909,8.288],[77.941,8.303],[77.969,8.329],[78.007,8.351],[78.07,8.374],[78.05,8.386],[78.044,8.383],[78.048,8.389],[78.06,8.385],[78.07,8.422],[78.131,8.495],[78.124,8.513],[78.124,8.527],[78.14,8.588],[78.134,8.594],[78.118,8.587],[78.115,8.58],[78.118,8.59],[78.136,8.597],[78.128,8.622],[78.128,8.638],[78.11,8.639],[78.114,8.644],[78.127,8.64],[78.124,8.651],[78.13,8.648],[78.137,8.691],[78.156,8.71],[78.16,8.73],[78.17,8.743],[78.191,8.749],[78.199,8.758],[78.201,8.785],[78.194,8.786],[78.198,8.772],[78.191,8.764],[78.169,8.77],[78.165,8.754],[78.16,8.75],[78.125,8.762],[78.132,8.763],[78.16,8.752],[78.164,8.757],[78.166,8.769],[78.159,8.77],[78.164,8.785],[78.16,8.801],[78.165,8.803],[78.17,8.824],[78.166,8.838],[78.172,8.884],[78.18,8.891],[78.186,8.92],[78.206,8.953],[78.267,9],[78.266,9.018],[78.28,9.012],[78.269,9.013],[78.273,9.001],[78.362,9.067],[78.37,9.075],[78.365,9.084],[78.368,9.092],[78.367,9.084],[78.372,9.077],[78.416,9.109],[78.482,9.124],[78.492,9.141],[78.493,9.131],[78.486,9.124],[78.533,9.133],[78.564,9.133],[78.583,9.127],[78.608,9.144],[78.66,9.152],[78.647,9.165],[78.646,9.172],[78.667,9.189],[78.691,9.192],[78.72,9.185],[78.72,9.197],[78.733,9.208],[78.757,9.212],[78.841,9.245],[78.857,9.246],[78.861,9.251],[78.883,9.255],[78.911,9.248],[78.931,9.266],[78.966,9.271],[79.091,9.259],[79.189,9.28],[79.156,9.285],[79.141,9.293],[79.127,9.287],[79.061,9.299],[79.004,9.341],[78.997,9.342],[79.001,9.333],[78.996,9.33],[78.959,9.34],[78.995,9.331],[78.999,9.333],[78.995,9.341],[79,9.347],[78.922,9.435],[78.9,9.487],[78.904,9.492],[78.92,9.493],[78.918,9.502],[78.926,9.528],[78.921,9.545],[78.931,9.587],[78.945,9.615],[78.965,9.629],[78.974,9.67],[78.985,9.694],[78.994,9.702],[78.995,9.712],[79.019,9.733],[79.035,9.762],[79.061,9.777],[79.091,9.826],[79.125,9.856],[79.123,9.862],[79.112,9.863],[79.122,9.865],[79.12,9.873],[79.129,9.893],[79.155,9.917],[79.156,9.931],[79.198,9.97],[79.245,10.026],[79.268,10.04],[79.253,10.052],[79.257,10.061],[79.254,10.069],[79.24,10.076],[79.23,10.097],[79.23,10.113],[79.24,10.129],[79.23,10.137],[79.231,10.147],[79.242,10.157],[79.243,10.182],[79.279,10.211],[79.28,10.222],[79.271,10.233],[79.294,10.26],[79.31,10.266],[79.32,10.278],[79.339,10.287],[79.378,10.296],[79.382,10.315],[79.393,10.32],[79.451,10.319],[79.511,10.309],[79.524,10.315],[79.468,10.322],[79.461,10.328],[79.492,10.328],[79.483,10.337],[79.459,10.341],[79.462,10.35],[79.479,10.34],[79.498,10.341],[79.501,10.336],[79.497,10.34],[79.496,10.331],[79.508,10.343],[79.512,10.337],[79.517,10.34],[79.524,10.335],[79.519,10.333],[79.521,10.33],[79.535,10.332],[79.543,10.324],[79.552,10.326],[79.54,10.337],[79.548,10.342],[79.545,10.35],[79.548,10.345],[79.554,10.351],[79.578,10.344],[79.605,10.346],[79.592,10.329],[79.567,10.333],[79.56,10.327],[79.558,10.315],[79.581,10.312],[79.614,10.336],[79.63,10.336],[79.634,10.341],[79.625,10.343],[79.639,10.365],[79.635,10.349],[79.641,10.336],[79.658,10.323],[79.669,10.327],[79.662,10.348],[79.673,10.331],[79.69,10.325],[79.7,10.328],[79.729,10.325],[79.755,10.313],[79.771,10.315],[79.786,10.305],[79.798,10.305],[79.811,10.287],[79.793,10.273],[79.861,10.28],[79.881,10.311],[79.878,10.323],[79.879,10.312],[79.876,10.303],[79.872,10.306],[79.872,10.297],[79.87,10.322],[79.875,10.31],[79.876,10.318],[79.869,10.342],[79.879,10.327],[79.866,10.392],[79.855,10.608],[79.85,10.825],[79.827,10.817],[79.849,10.828],[79.852,10.837],[79.86,11.098],[79.857,11.196],[79.837,11.298],[79.839,11.352],[79.836,11.357],[79.829,11.354],[79.802,11.363],[79.773,11.38],[79.761,11.379],[79.767,11.386],[79.775,11.386],[79.814,11.362],[79.818,11.364],[79.813,11.37],[79.827,11.358],[79.832,11.361],[79.823,11.377],[79.81,11.438],[79.785,11.481],[79.782,11.5],[79.765,11.485],[79.773,11.497],[79.771,11.507],[79.775,11.507],[79.763,11.527],[79.756,11.578],[79.765,11.642],[79.78,11.701],[79.765,11.684],[79.76,11.668],[79.759,11.672],[79.763,11.685],[79.776,11.702],[79.775,11.711],[79.778,11.704],[79.783,11.71],[79.805,11.821],[79.825,11.877],[79.816,11.871],[79.813,11.875],[79.82,11.875],[79.812,11.881],[79.826,11.882],[79.83,11.9],[79.82,11.906],[79.828,11.907],[79.824,11.917],[79.831,11.903],[79.845,11.968],[79.873,12.04],[80.012,12.259],[79.976,12.228],[79.972,12.235],[79.987,12.25],[80.015,12.264],[80.045,12.316],[80.131,12.426],[80.122,12.439],[80.113,12.443],[80.115,12.454],[80.115,12.444],[80.134,12.431],[80.146,12.443],[80.156,12.462],[80.163,12.507],[80.155,12.512],[80.165,12.511],[80.171,12.54],[80.188,12.572],[80.19,12.589],[80.202,12.617],[80.2,12.624],[80.256,12.781],[80.247,12.8],[80.247,12.792],[80.242,12.8],[80.239,12.797],[80.24,12.785],[80.23,12.787],[80.239,12.803],[80.233,12.845],[80.242,12.805],[80.245,12.805],[80.246,12.825],[80.249,12.803],[80.25,12.859],[80.257,12.919],[80.277,13.007],[80.264,13.011],[80.276,13.015],[80.277,13.011],[80.28,13.016],[80.285,13.063],[80.276,13.068],[80.287,13.065],[80.305,13.091],[80.303,13.1],[80.296,13.086],[80.299,13.118],[80.295,13.122],[80.315,13.168],[80.331,13.227],[80.33,13.23],[80.321,13.224],[80.309,13.202],[80.305,13.208],[80.315,13.223],[80.314,13.247],[80.317,13.23],[80.328,13.233],[80.338,13.25],[80.346,13.283],[80.345,13.344],[80.33,13.41],[80.328,13.44],[80.322,13.443],[80.322,13.433],[80.327,13.434],[80.325,13.422],[80.332,13.376],[80.33,13.386],[80.322,13.389],[80.327,13.397],[80.323,13.399],[80.323,13.409],[80.318,13.409],[80.321,13.416],[80.316,13.427],[80.31,13.425],[80.316,13.435],[80.305,13.454],[80.311,13.457],[80.31,13.467],[80.298,13.487],[80.275,13.552],[80.24,13.622],[80.236,13.644],[80.234,13.677],[80.238,13.722],[80.257,13.782],[80.245,13.812],[80.237,13.811],[80.225,13.819],[80.244,13.814],[80.161,14.009],[80.155,14.019],[80.149,14.017],[80.152,14.024],[80.155,14.021],[80.144,14.069],[80.135,14.064],[80.126,14.066],[80.138,14.068],[80.138,14.075],[80.142,14.072],[80.133,14.106],[80.128,14.184],[80.137,14.242],[80.113,14.247],[80.11,14.241],[80.104,14.252],[80.126,14.248],[80.13,14.252],[80.122,14.256],[80.132,14.256],[80.137,14.245],[80.145,14.288],[80.168,14.339],[80.174,14.372],[80.171,14.378],[80.175,14.376],[80.183,14.523],[80.196,14.578],[80.184,14.568],[80.14,14.565],[80.182,14.585],[80.185,14.597],[80.169,14.621],[80.14,14.716],[80.136,14.717],[80.141,14.701],[80.134,14.692],[80.14,14.702],[80.135,14.717],[80.119,14.734],[80.117,14.722],[80.114,14.724],[80.117,14.738],[80.112,14.739],[80.112,14.745],[80.13,14.728],[80.109,14.757],[80.095,14.812],[80.091,14.804],[80.078,14.809],[80.082,14.809],[80.084,14.815],[80.09,14.808],[80.093,14.813],[80.089,14.878],[80.068,14.943],[80.054,15.011],[80.048,15.074],[80.063,15.144],[80.08,15.181],[80.076,15.178],[80.065,15.19],[80.075,15.184],[80.081,15.186],[80.082,15.182],[80.09,15.208],[80.083,15.263],[80.094,15.298],[80.108,15.319],[80.108,15.328],[80.099,15.31],[80.1,15.321],[80.129,15.376],[80.186,15.441],[80.205,15.468],[80.215,15.504],[80.207,15.498],[80.208,15.492],[80.197,15.49],[80.2,15.498],[80.193,15.502],[80.207,15.507],[80.204,15.512],[80.215,15.508],[80.232,15.542],[80.218,15.531],[80.228,15.542],[80.229,15.568],[80.24,15.609],[80.263,15.652],[80.25,15.652],[80.26,15.653],[80.264,15.672],[80.271,15.667],[80.311,15.716],[80.375,15.772],[80.478,15.829],[80.528,15.847],[80.522,15.857],[80.528,15.852],[80.537,15.855],[80.536,15.849],[80.591,15.869],[80.629,15.875],[80.635,15.878],[80.632,15.885],[80.64,15.876],[80.677,15.88],[80.677,15.89],[80.683,15.88],[80.732,15.877],[80.767,15.865],[80.77,15.87],[80.805,15.842],[80.816,15.812],[80.809,15.8],[80.811,15.78],[80.789,15.818],[80.787,15.854],[80.781,15.854],[80.785,15.808],[80.808,15.766],[80.813,15.742],[80.827,15.745],[80.833,15.753],[80.835,15.751],[80.835,15.705],[80.832,15.707],[80.832,15.701],[80.905,15.715],[80.923,15.715],[80.927,15.72],[80.921,15.72],[80.917,15.731],[80.895,15.749],[80.898,15.755],[80.92,15.738],[80.933,15.712],[80.938,15.71],[80.969,15.731],[80.974,15.75],[80.952,15.732],[80.971,15.75],[80.971,15.755],[80.963,15.752],[80.959,15.759],[80.975,15.753],[80.976,15.738],[80.997,15.741],[81.013,15.757],[80.996,15.759],[80.982,15.775],[80.996,15.767],[81.031,15.761],[81.035,15.783],[81.027,15.79],[81.027,15.766],[81.019,15.766],[81.01,15.78],[81.006,15.777],[80.995,15.817],[81.008,15.805],[81.01,15.81],[80.997,15.822],[81.024,15.857],[81.053,15.884],[81.065,15.904],[81.139,15.965],[81.129,15.979],[81.126,15.993],[81.137,15.973],[81.145,15.969],[81.152,15.972],[81.148,16.013],[81.191,16.093],[81.205,16.138],[81.205,16.142],[81.188,16.142],[81.2,16.144],[81.202,16.174],[81.198,16.17],[81.198,16.174],[81.208,16.194],[81.204,16.181],[81.207,16.175],[81.227,16.224],[81.268,16.273],[81.267,16.293],[81.272,16.277],[81.319,16.31],[81.398,16.342],[81.477,16.353],[81.537,16.35],[81.542,16.356],[81.553,16.352],[81.553,16.372],[81.557,16.362],[81.562,16.367],[81.556,16.349],[81.542,16.353],[81.547,16.345],[81.677,16.325],[81.686,16.325],[81.688,16.33],[81.695,16.312],[81.71,16.305],[81.712,16.311],[81.705,16.311],[81.717,16.325],[81.717,16.365],[81.725,16.362],[81.726,16.35],[81.716,16.313],[81.719,16.309],[81.877,16.38],[81.951,16.393],[81.964,16.436],[81.962,16.397],[82.027,16.439],[82.026,16.442],[82.045,16.454],[82.04,16.463],[82.05,16.453],[82.03,16.441],[82.234,16.543],[82.305,16.56],[82.302,16.568],[82.292,16.557],[82.284,16.558],[82.298,16.565],[82.262,16.555],[82.259,16.561],[82.275,16.57],[82.291,16.571],[82.3,16.585],[82.282,16.63],[82.255,16.648],[82.254,16.657],[82.261,16.667],[82.258,16.689],[82.266,16.674],[82.256,16.657],[82.258,16.65],[82.284,16.641],[82.309,16.597],[82.318,16.616],[82.329,16.666],[82.369,16.713],[82.37,16.724],[82.362,16.732],[82.345,16.728],[82.363,16.725],[82.366,16.719],[82.359,16.709],[82.355,16.715],[82.34,16.717],[82.355,16.711],[82.334,16.688],[82.334,16.698],[82.345,16.704],[82.339,16.713],[82.327,16.714],[82.317,16.703],[82.29,16.696],[82.271,16.701],[82.269,16.707],[82.293,16.708],[82.308,16.72],[82.312,16.731],[82.342,16.736],[82.344,16.764],[82.355,16.782],[82.362,16.816],[82.371,16.909],[82.363,16.962],[82.344,16.985],[82.333,16.989],[82.33,16.984],[82.356,16.958],[82.362,16.943],[82.365,16.85],[82.36,16.825],[82.356,16.851],[82.342,16.856],[82.326,16.855],[82.316,16.841],[82.317,16.851],[82.303,16.864],[82.289,16.866],[82.277,16.855],[82.285,16.872],[82.269,16.872],[82.27,16.877],[82.262,16.885],[82.251,16.875],[82.256,16.887],[82.251,16.892],[82.256,16.896],[82.248,16.912],[82.25,16.936],[82.275,16.944],[82.274,16.962],[82.291,17.017],[82.306,17.038],[82.464,17.189],[82.512,17.226],[82.602,17.284],[82.752,17.365],[82.817,17.392],[82.826,17.4],[82.869,17.415],[82.867,17.422],[82.855,17.425],[82.872,17.425],[82.892,17.447],[82.896,17.446],[82.884,17.433],[82.882,17.425],[82.996,17.474],[83.006,17.494],[83.027,17.51],[83.084,17.53],[83.104,17.543],[83.16,17.56],[83.177,17.575],[83.215,17.59],[83.239,17.614],[83.238,17.628],[83.258,17.641],[83.265,17.651],[83.287,17.662],[83.298,17.676],[83.299,17.685],[83.283,17.689],[83.295,17.689],[83.311,17.704],[83.344,17.722],[83.35,17.728],[83.345,17.738],[83.352,17.745],[83.35,17.749],[83.382,17.773],[83.389,17.779],[83.388,17.786],[83.411,17.808],[83.417,17.823],[83.412,17.84],[83.415,17.852],[83.44,17.868],[83.456,17.891],[83.457,17.898],[83.445,17.901],[83.452,17.902],[83.445,17.91],[83.455,17.906],[83.458,17.91],[83.455,17.923],[83.46,17.914],[83.457,17.9],[83.469,17.914],[83.531,17.95],[83.544,17.964],[83.57,18.007],[83.555,18.013],[83.556,18.026],[83.567,18.012],[83.578,18.014],[83.572,18.015],[83.57,18.019],[83.587,18.019],[83.678,18.084],[83.671,18.082],[83.668,18.088],[83.671,18.085],[83.68,18.087],[83.705,18.105],[83.81,18.154],[83.807,18.162],[83.814,18.155],[83.859,18.17],[83.887,18.194],[83.94,18.21],[83.925,18.229],[83.946,18.216],[83.942,18.225],[83.952,18.214],[83.995,18.237],[83.989,18.242],[83.997,18.24],[84.042,18.26],[84.129,18.31],[84.134,18.315],[84.132,18.343],[84.1,18.35],[84.123,18.355],[84.133,18.351],[84.131,18.355],[84.135,18.355],[84.138,18.351],[84.165,18.386],[84.244,18.46],[84.36,18.554],[84.361,18.565],[84.339,18.544],[84.306,18.533],[84.322,18.55],[84.338,18.554],[84.338,18.568],[84.349,18.56],[84.335,18.577],[84.343,18.576],[84.357,18.584],[84.358,18.578],[84.345,18.572],[84.353,18.564],[84.359,18.571],[84.362,18.567],[84.372,18.594],[84.442,18.657],[84.455,18.69],[84.471,18.712],[84.506,18.75],[84.558,18.79],[84.561,18.811],[84.58,18.837],[84.59,18.863],[84.609,18.888],[84.69,18.967],[84.687,18.968],[84.767,19.072],[84.793,19.114],[84.768,19.099],[84.762,19.1],[84.76,19.087],[84.746,19.075],[84.741,19.076],[84.741,19.088],[84.726,19.091],[84.737,19.095],[84.746,19.117],[84.777,19.108],[84.788,19.127],[84.795,19.127],[84.798,19.131],[84.795,19.116],[84.81,19.149],[84.837,19.185],[84.915,19.258],[84.907,19.263],[84.909,19.279],[84.911,19.262],[84.917,19.26],[85.005,19.33],[85.082,19.374],[85.067,19.366],[85.05,19.368],[85.036,19.379],[85.038,19.392],[85.047,19.377],[85.063,19.37],[85.081,19.382],[85.08,19.378],[85.083,19.378],[85.1,19.406],[85.148,19.447],[85.343,19.581],[85.431,19.628],[85.487,19.649],[85.592,19.703],[85.589,19.705],[85.546,19.681],[85.528,19.679],[85.527,19.685],[85.54,19.696],[85.604,19.723],[85.621,19.725],[85.633,19.733],[85.633,19.727],[85.64,19.736],[85.656,19.743],[85.675,19.745],[85.605,19.713],[85.766,19.774],[85.92,19.821],[85.913,19.82],[85.912,19.824],[85.924,19.821],[86.048,19.846],[86.057,19.85],[86.04,19.851],[86.074,19.856],[86.058,19.852],[86.07,19.851],[86.217,19.895],[86.235,19.904],[86.227,19.903],[86.22,19.911],[86.226,19.91],[86.243,19.921],[86.245,19.912],[86.238,19.906],[86.312,19.943],[86.372,19.952],[86.373,19.959],[86.351,19.963],[86.323,19.985],[86.316,19.98],[86.315,19.988],[86.327,19.994],[86.333,19.987],[86.338,19.991],[86.343,19.98],[86.347,19.985],[86.367,19.978],[86.372,19.98],[86.378,19.991],[86.382,19.985],[86.375,19.977],[86.382,19.965],[86.386,19.977],[86.423,20.002],[86.435,20.019],[86.44,20.057],[86.478,20.092],[86.521,20.163],[86.554,20.194],[86.539,20.193],[86.543,20.188],[86.514,20.17],[86.512,20.175],[86.521,20.185],[86.535,20.195],[86.559,20.196],[86.606,20.228],[86.679,20.26],[86.672,20.274],[86.677,20.276],[86.682,20.268],[86.733,20.295],[86.773,20.321],[86.799,20.347],[86.805,20.364],[86.788,20.34],[86.724,20.294],[86.688,20.285],[86.674,20.294],[86.676,20.298],[86.684,20.291],[86.684,20.301],[86.689,20.301],[86.69,20.306],[86.698,20.301],[86.722,20.302],[86.732,20.309],[86.729,20.315],[86.735,20.317],[86.732,20.312],[86.738,20.311],[86.768,20.329],[86.777,20.337],[86.775,20.349],[86.788,20.377],[86.769,20.37],[86.785,20.386],[86.779,20.395],[86.761,20.392],[86.745,20.377],[86.759,20.399],[86.746,20.395],[86.739,20.383],[86.747,20.4],[86.736,20.403],[86.73,20.394],[86.72,20.394],[86.708,20.409],[86.726,20.396],[86.735,20.416],[86.731,20.444],[86.738,20.477],[86.716,20.479],[86.738,20.48],[86.746,20.469],[86.762,20.503],[86.759,20.512],[86.737,20.523],[86.732,20.535],[86.755,20.521],[86.769,20.503],[86.797,20.54],[86.867,20.588],[86.86,20.587],[86.861,20.593],[86.861,20.589],[86.869,20.59],[87.033,20.693],[87.07,20.721],[87.022,20.697],[86.998,20.695],[86.993,20.699],[87.007,20.701],[86.986,20.703],[86.975,20.695],[86.964,20.695],[86.976,20.698],[86.981,20.705],[86.947,20.713],[86.928,20.705],[86.926,20.71],[86.942,20.716],[87.003,20.712],[87.011,20.738],[86.996,20.77],[86.956,20.765],[86.892,20.767],[86.868,20.775],[86.869,20.788],[86.887,20.797],[86.967,20.782],[86.975,20.821],[86.959,20.851],[86.961,20.855],[86.954,20.853],[86.961,20.863],[86.947,20.883],[86.937,20.917],[86.913,20.952],[86.892,21.01],[86.854,21.066],[86.827,21.137],[86.83,21.159],[86.824,21.175],[86.835,21.197],[86.832,21.212],[86.838,21.205],[86.841,21.216],[86.857,21.233],[86.862,21.256],[86.89,21.295],[86.896,21.313],[86.915,21.332],[86.912,21.338],[86.92,21.336],[86.992,21.415],[87.06,21.47],[87.058,21.475],[87.039,21.478],[87.06,21.482],[87.068,21.473],[87.076,21.473],[87.109,21.502],[87.118,21.514],[87.098,21.524],[87.092,21.537],[87.109,21.519],[87.117,21.52],[87.132,21.519],[87.121,21.519],[87.122,21.515],[87.128,21.513],[87.201,21.545],[87.17,21.538],[87.176,21.547],[87.172,21.55],[87.187,21.555],[87.197,21.555],[87.185,21.552],[87.18,21.543],[87.2,21.55],[87.21,21.547],[87.28,21.556],[87.347,21.556],[87.377,21.55],[87.38,21.556],[87.375,21.56],[87.342,21.57],[87.34,21.578],[87.348,21.583],[87.35,21.579],[87.372,21.579],[87.387,21.571],[87.434,21.596],[87.466,21.601],[87.505,21.617],[87.54,21.625],[87.557,21.636],[87.559,21.632],[87.567,21.632],[87.634,21.644],[87.646,21.658],[87.642,21.649],[87.657,21.646],[87.709,21.66],[87.754,21.685],[87.751,21.696],[87.763,21.698],[87.777,21.69],[87.804,21.696],[87.807,21.701],[87.795,21.699],[87.819,21.714],[87.887,21.777],[87.891,21.79],[87.88,21.802],[87.876,21.817],[87.893,21.793],[87.919,21.801],[87.938,21.815],[87.974,21.854],[88.002,21.895],[87.999,21.9],[88.013,21.914],[88.016,21.935],[88.027,21.955],[88.025,21.962],[88.049,21.994],[88.052,22.011],[88.048,22.014],[88.072,22.015],[88.128,22.052],[88.148,22.059],[88.181,22.087],[88.19,22.104],[88.189,22.117],[88.133,22.184],[88.104,22.19],[88.087,22.185],[88.067,22.186],[88.037,22.208],[88.028,22.208],[88.022,22.2],[88.016,22.211],[88.02,22.223],[88.048,22.216],[88.056,22.224],[88.074,22.207],[88.12,22.206],[88.136,22.199],[88.181,22.191],[88.209,22.149],[88.207,22.13],[88.216,22.118],[88.224,22.075],[88.211,22.029],[88.193,21.995],[88.158,21.962],[88.156,21.956],[88.176,21.926],[88.169,21.869],[88.178,21.848],[88.203,21.812],[88.22,21.762],[88.212,21.728],[88.22,21.698],[88.2,21.688],[88.199,21.681],[88.206,21.674],[88.227,21.673],[88.233,21.667],[88.235,21.636],[88.215,21.613],[88.231,21.596],[88.242,21.576],[88.237,21.571],[88.247,21.561],[88.269,21.555],[88.291,21.556],[88.31,21.579],[88.305,21.588],[88.286,21.599],[88.3,21.646],[88.295,21.647],[88.303,21.651],[88.31,21.675],[88.281,21.71],[88.275,21.734],[88.295,21.705],[88.3,21.708],[88.3,21.72],[88.307,21.73],[88.306,21.714],[88.317,21.707],[88.329,21.709],[88.327,21.722],[88.343,21.72],[88.34,21.708],[88.349,21.692],[88.357,21.685],[88.368,21.682],[88.397,21.714],[88.367,21.72],[88.365,21.731],[88.372,21.722],[88.393,21.725],[88.402,21.72],[88.4,21.698],[88.38,21.675],[88.387,21.645],[88.385,21.626],[88.391,21.623],[88.386,21.607],[88.397,21.591],[88.41,21.592],[88.415,21.611],[88.434,21.62],[88.428,21.636],[88.413,21.652],[88.414,21.687],[88.429,21.7],[88.424,21.719],[88.435,21.702],[88.42,21.687],[88.42,21.653],[88.44,21.623],[88.44,21.614],[88.43,21.605],[88.451,21.612],[88.473,21.671],[88.456,21.71],[88.457,21.726],[88.46,21.72],[88.466,21.725],[88.469,21.762],[88.478,21.788],[88.478,21.791],[88.466,21.791],[88.452,21.8],[88.449,21.812],[88.474,21.835],[88.488,21.835],[88.491,21.841],[88.482,21.885],[88.458,21.896],[88.476,21.893],[88.482,21.906],[88.505,21.914],[88.511,21.938],[88.5,21.955],[88.518,21.948],[88.528,21.936],[88.528,21.919],[88.501,21.888],[88.5,21.876],[88.527,21.852],[88.541,21.863],[88.541,21.871],[88.552,21.876],[88.544,21.868],[88.546,21.856],[88.535,21.847],[88.535,21.84],[88.555,21.815],[88.555,21.83],[88.56,21.827],[88.564,21.831],[88.576,21.858],[88.575,21.881],[88.58,21.888],[88.571,21.907],[88.578,21.904],[88.58,21.893],[88.586,21.889],[88.607,21.905],[88.614,21.921],[88.595,21.947],[88.58,21.954],[88.579,21.976],[88.581,21.965],[88.608,21.933],[88.617,21.93],[88.618,21.938],[88.601,21.965],[88.614,22.012],[88.6,22.017],[88.599,22.031],[88.604,22.031],[88.603,22.019],[88.619,22.018],[88.638,22.04],[88.628,22.049],[88.626,22.062],[88.639,22.076],[88.65,22.073],[88.656,22.064],[88.664,22.021],[88.677,22.02],[88.705,22.004],[88.715,22.006],[88.72,22.003],[88.738,22.011],[88.735,22.03],[88.691,22.052],[88.685,22.067],[88.691,22.074],[88.698,22.074],[88.709,22.059],[88.727,22.053],[88.755,22.075],[88.757,22.07],[88.749,22.054],[88.763,22.05],[88.751,22.046],[88.763,22.018],[88.779,22.014],[88.763,22.011],[88.765,21.996],[88.754,21.982],[88.758,21.968],[88.752,21.976],[88.727,21.975],[88.724,21.941],[88.73,21.93],[88.722,21.927],[88.72,21.913],[88.728,21.9],[88.722,21.905],[88.718,21.902],[88.714,21.882],[88.7,21.857],[88.702,21.845],[88.707,21.855],[88.72,21.853],[88.708,21.853],[88.698,21.839],[88.704,21.821],[88.708,21.827],[88.719,21.825],[88.709,21.825],[88.707,21.816],[88.712,21.808],[88.722,21.804],[88.714,21.803],[88.712,21.777],[88.698,21.743],[88.712,21.692],[88.723,21.678],[88.752,21.659],[88.759,21.661],[88.753,21.67],[88.762,21.662],[88.792,21.66],[88.791,21.655],[88.801,21.655],[88.811,21.661],[88.812,21.683],[88.819,21.684],[88.826,21.659],[88.81,21.634],[88.814,21.635],[88.817,21.624],[88.849,21.616],[88.846,21.638],[88.85,21.623],[88.865,21.636],[88.847,21.672],[88.843,21.71],[88.851,21.734],[88.867,21.752],[88.867,21.757],[88.835,21.762],[88.832,21.768],[88.839,21.777],[88.86,21.777],[88.879,21.766],[88.885,21.743],[88.872,21.706],[88.887,21.668],[88.886,21.658],[88.92,21.63],[88.926,21.632],[88.938,21.665],[88.945,21.666],[88.95,21.662],[88.94,21.645],[88.957,21.617],[88.973,21.609],[88.985,21.609],[89,21.619],[89.004,21.599],[89.027,21.599],[89.041,21.611],[89.042,21.618],[89.027,21.629],[89.027,21.65],[89.018,21.656],[89.02,21.66],[89.031,21.655],[89.031,21.634],[89.057,21.612],[89.072,21.614],[89.1,21.637],[89.091,21.676],[89.071,21.687],[89.075,21.702],[89.068,21.715],[89.054,21.721],[89.061,21.721],[89.06,21.728],[89.025,21.756],[89.018,21.791],[89.021,21.81],[89.002,21.809],[89.022,21.814],[89.03,21.821],[89.034,21.839],[89.024,21.846],[89.035,21.852],[89.032,21.863],[88.988,21.888],[88.986,21.896],[88.993,21.905],[89.017,21.899],[89.019,21.924],[88.996,21.941],[88.995,21.951],[89.019,21.976],[89.019,21.968],[89.003,21.952],[89.007,21.94],[89.031,21.925],[89.064,21.937],[89.077,21.981],[89.076,21.998],[89.045,22.042],[89.034,22.046],[89.044,22.049],[89.04,22.102],[89.053,22.121],[89.092,22.145],[89.098,22.155],[89.09,22.16],[89.077,22.148],[89.071,22.149],[89.063,22.17],[89.071,22.197],[89.04,22.228],[89.033,22.259],[89.015,22.254],[89.019,22.27],[88.996,22.286],[88.999,22.297],[89.024,22.296],[89,22.324],[88.99,22.322],[88.985,22.326],[88.99,22.364],[88.983,22.375],[88.99,22.392],[88.972,22.411],[89,22.43],[88.99,22.445],[88.996,22.469],[88.976,22.494],[88.961,22.55],[88.938,22.56],[88.939,22.591],[88.96,22.616],[88.956,22.621],[88.935,22.618],[88.926,22.652],[88.933,22.652],[88.935,22.659],[88.945,22.662],[88.949,22.678],[88.962,22.685],[88.962,22.694],[88.956,22.704],[88.928,22.718],[88.916,22.737],[88.921,22.753],[88.912,22.757],[88.918,22.77],[88.926,22.769],[88.925,22.779],[88.936,22.783],[88.937,22.793],[88.943,22.791],[88.95,22.797],[88.959,22.797],[88.961,22.809],[88.957,22.812],[88.963,22.819],[88.969,22.845],[88.945,22.881],[88.929,22.872],[88.923,22.881],[88.918,22.877],[88.909,22.88],[88.908,22.893],[88.898,22.898],[88.901,22.906],[88.895,22.914],[88.905,22.914],[88.908,22.92],[88.887,22.934],[88.892,22.938],[88.894,22.952],[88.879,22.954],[88.876,22.949],[88.869,22.951],[88.86,22.943],[88.856,22.966],[88.871,22.979],[88.865,22.987],[88.865,23.001],[88.852,23.002],[88.845,23.009],[88.877,23.003],[88.88,23.007],[88.872,23.017],[88.881,23.026],[88.884,23.04],[88.875,23.044],[88.874,23.066],[88.861,23.077],[88.875,23.09],[88.869,23.101],[88.883,23.105],[88.883,23.111],[88.891,23.108],[88.9,23.111],[88.91,23.13],[88.918,23.129],[88.923,23.145],[88.931,23.143],[88.932,23.154],[88.928,23.163],[88.934,23.162],[88.939,23.177],[88.957,23.182],[88.959,23.191],[88.966,23.194],[88.974,23.193],[88.976,23.182],[88.98,23.183],[88.979,23.191],[88.988,23.203],[88.98,23.212],[88.986,23.216],[88.996,23.211],[88.996,23.215],[88.983,23.222],[88.979,23.216],[88.981,23.222],[88.976,23.225],[88.979,23.215],[88.971,23.223],[88.964,23.215],[88.943,23.206],[88.929,23.212],[88.927,23.218],[88.917,23.22],[88.921,23.216],[88.915,23.214],[88.917,23.223],[88.907,23.236],[88.887,23.232],[88.886,23.226],[88.873,23.234],[88.861,23.232],[88.854,23.236],[88.851,23.231],[88.845,23.231],[88.837,23.244],[88.824,23.234],[88.829,23.245],[88.812,23.256],[88.806,23.238],[88.811,23.222],[88.79,23.218],[88.774,23.225],[88.778,23.236],[88.769,23.245],[88.76,23.246],[88.752,23.24],[88.719,23.255],[88.724,23.272],[88.712,23.278],[88.709,23.29],[88.697,23.292],[88.696,23.302],[88.711,23.313],[88.707,23.304],[88.714,23.306],[88.72,23.304],[88.719,23.298],[88.726,23.299],[88.725,23.318],[88.73,23.32],[88.731,23.308],[88.739,23.305],[88.746,23.308],[88.75,23.321],[88.744,23.328],[88.733,23.328],[88.739,23.343],[88.732,23.352],[88.746,23.349],[88.748,23.362],[88.757,23.36],[88.765,23.367],[88.759,23.374],[88.763,23.387],[88.759,23.385],[88.753,23.389],[88.749,23.401],[88.761,23.409],[88.754,23.417],[88.762,23.427],[88.764,23.448],[88.773,23.449],[88.78,23.438],[88.785,23.445],[88.795,23.443],[88.789,23.448],[88.792,23.464],[88.787,23.47],[88.8,23.482],[88.801,23.486],[88.795,23.486],[88.801,23.497],[88.792,23.503],[88.785,23.498],[88.787,23.507],[88.77,23.498],[88.768,23.488],[88.775,23.48],[88.768,23.481],[88.761,23.491],[88.756,23.487],[88.761,23.479],[88.746,23.484],[88.741,23.48],[88.743,23.487],[88.729,23.496],[88.725,23.512],[88.714,23.509],[88.706,23.517],[88.696,23.517],[88.691,23.531],[88.684,23.53],[88.683,23.542],[88.674,23.548],[88.66,23.549],[88.654,23.556],[88.651,23.585],[88.645,23.592],[88.639,23.591],[88.646,23.609],[88.638,23.611],[88.636,23.607],[88.629,23.609],[88.606,23.6],[88.609,23.605],[88.602,23.607],[88.606,23.61],[88.597,23.606],[88.597,23.602],[88.58,23.603],[88.585,23.617],[88.594,23.617],[88.594,23.641],[88.562,23.637],[88.564,23.645],[88.558,23.649],[88.574,23.667],[88.565,23.712],[88.569,23.728],[88.576,23.733],[88.575,23.739],[88.572,23.734],[88.57,23.748],[88.581,23.761],[88.58,23.775],[88.563,23.778],[88.556,23.785],[88.578,23.787],[88.581,23.797],[88.592,23.798],[88.596,23.805],[88.585,23.814],[88.595,23.809],[88.602,23.817],[88.586,23.831],[88.591,23.853],[88.584,23.855],[88.578,23.851],[88.575,23.862],[88.582,23.863],[88.588,23.872],[88.608,23.863],[88.609,23.873],[88.618,23.877],[88.625,23.875],[88.627,23.865],[88.637,23.872],[88.654,23.866],[88.668,23.87],[88.664,23.883],[88.683,23.889],[88.688,23.902],[88.705,23.9],[88.699,23.91],[88.706,23.916],[88.713,23.913],[88.723,23.916],[88.733,23.911],[88.735,23.933],[88.743,23.93],[88.739,23.95],[88.742,23.951],[88.732,23.961],[88.738,23.983],[88.769,23.982],[88.763,24.005],[88.758,24.007],[88.746,24.007],[88.737,23.996],[88.729,23.994],[88.741,24.036],[88.725,24.041],[88.724,24.047],[88.742,24.048],[88.743,24.055],[88.734,24.067],[88.724,24.068],[88.699,24.121],[88.707,24.119],[88.746,24.147],[88.731,24.173],[88.74,24.252],[88.735,24.279],[88.722,24.3],[88.699,24.314],[88.659,24.315],[88.652,24.305],[88.649,24.312],[88.63,24.306],[88.623,24.316],[88.607,24.315],[88.606,24.31],[88.601,24.311],[88.588,24.315],[88.587,24.325],[88.57,24.327],[88.555,24.293],[88.526,24.345],[88.509,24.343],[88.445,24.379],[88.426,24.383],[88.389,24.371],[88.357,24.374],[88.334,24.382],[88.285,24.422],[88.272,24.441],[88.203,24.46],[88.191,24.468],[88.173,24.493],[88.142,24.511],[88.095,24.559],[88.069,24.603],[88.036,24.646],[88.009,24.668],[88.062,24.721],[88.072,24.744],[88.066,24.751],[88.074,24.761],[88.068,24.769],[88.072,24.773],[88.078,24.769],[88.089,24.783],[88.106,24.78],[88.105,24.801],[88.123,24.823],[88.131,24.805],[88.136,24.805],[88.132,24.836],[88.141,24.834],[88.145,24.851],[88.16,24.849],[88.162,24.858],[88.175,24.86],[88.166,24.863],[88.159,24.872],[88.164,24.878],[88.153,24.884],[88.158,24.892],[88.169,24.888],[88.169,24.893],[88.162,24.893],[88.149,24.911],[88.14,24.914],[88.138,24.936],[88.157,24.934],[88.158,24.942],[88.164,24.941],[88.17,24.95],[88.175,24.946],[88.184,24.954],[88.19,24.952],[88.206,24.961],[88.224,24.962],[88.261,24.918],[88.264,24.9],[88.257,24.878],[88.267,24.878],[88.269,24.891],[88.276,24.898],[88.278,24.888],[88.302,24.886],[88.298,24.881],[88.302,24.872],[88.318,24.884],[88.33,24.87],[88.347,24.892],[88.344,24.9],[88.332,24.897],[88.334,24.905],[88.328,24.904],[88.324,24.916],[88.337,24.919],[88.334,24.927],[88.338,24.927],[88.34,24.94],[88.35,24.945],[88.354,24.942],[88.364,24.953],[88.366,24.945],[88.381,24.939],[88.399,24.945],[88.402,24.951],[88.399,24.959],[88.393,24.96],[88.395,24.969],[88.405,24.973],[88.405,24.98],[88.41,24.973],[88.417,24.975],[88.412,24.982],[88.419,24.985],[88.412,24.985],[88.412,24.999],[88.421,24.999],[88.425,25.016],[88.427,25.008],[88.436,25.006],[88.435,25.013],[88.442,25.013],[88.438,25.022],[88.453,25.037],[88.438,25.043],[88.435,25.056],[88.453,25.079],[88.446,25.083],[88.448,25.11],[88.442,25.115],[88.441,25.128],[88.459,25.135],[88.457,25.148],[88.462,25.15],[88.457,25.153],[88.458,25.165],[88.452,25.164],[88.449,25.172],[88.442,25.174],[88.446,25.179],[88.443,25.195],[88.435,25.2],[88.442,25.21],[88.437,25.199],[88.464,25.195],[88.472,25.198],[88.475,25.213],[88.499,25.21],[88.5,25.204],[88.538,25.198],[88.533,25.194],[88.534,25.188],[88.548,25.195],[88.557,25.193],[88.556,25.179],[88.566,25.175],[88.58,25.177],[88.581,25.183],[88.591,25.185],[88.59,25.195],[88.598,25.191],[88.613,25.204],[88.629,25.202],[88.643,25.206],[88.669,25.198],[88.68,25.209],[88.711,25.208],[88.724,25.199],[88.733,25.199],[88.734,25.185],[88.751,25.183],[88.749,25.177],[88.759,25.187],[88.767,25.183],[88.769,25.19],[88.774,25.18],[88.806,25.171],[88.813,25.174],[88.818,25.189],[88.827,25.192],[88.83,25.205],[88.844,25.214],[88.85,25.21],[88.851,25.201],[88.865,25.201],[88.864,25.19],[88.875,25.196],[88.875,25.179],[88.89,25.178],[88.89,25.185],[88.911,25.18],[88.912,25.168],[88.923,25.165],[88.933,25.182],[88.941,25.174],[88.949,25.178],[88.943,25.183],[88.947,25.195],[88.938,25.194],[88.934,25.2],[88.936,25.211],[88.944,25.206],[88.961,25.209],[88.952,25.233],[88.956,25.255],[88.982,25.265],[88.987,25.275],[89.008,25.264],[89.009,25.303],[89,25.295],[88.985,25.299],[88.985,25.306],[88.976,25.306],[88.971,25.301],[88.961,25.306],[88.958,25.301],[88.929,25.304],[88.928,25.317],[88.924,25.312],[88.915,25.312],[88.906,25.338],[88.888,25.337],[88.888,25.326],[88.884,25.326],[88.866,25.343],[88.869,25.352],[88.855,25.355],[88.855,25.363],[88.841,25.364],[88.842,25.382],[88.837,25.391],[88.841,25.397],[88.837,25.402],[88.824,25.401],[88.823,25.41],[88.813,25.411],[88.818,25.418],[88.83,25.417],[88.829,25.426],[88.834,25.432],[88.826,25.445],[88.839,25.458],[88.83,25.49],[88.813,25.489],[88.81,25.523],[88.792,25.523],[88.782,25.515],[88.76,25.526],[88.757,25.509],[88.77,25.504],[88.767,25.498],[88.76,25.493],[88.749,25.495],[88.744,25.488],[88.74,25.489],[88.742,25.505],[88.715,25.5],[88.714,25.496],[88.713,25.5],[88.707,25.5],[88.71,25.481],[88.699,25.471],[88.688,25.476],[88.663,25.474],[88.66,25.482],[88.647,25.478],[88.643,25.493],[88.648,25.497],[88.622,25.497],[88.613,25.51],[88.607,25.508],[88.609,25.516],[88.603,25.516],[88.595,25.506],[88.556,25.514],[88.552,25.521],[88.546,25.509],[88.54,25.508],[88.54,25.533],[88.533,25.532],[88.533,25.542],[88.527,25.544],[88.523,25.535],[88.518,25.539],[88.519,25.545],[88.509,25.544],[88.5,25.551],[88.499,25.559],[88.493,25.559],[88.5,25.584],[88.47,25.583],[88.458,25.599],[88.444,25.597],[88.45,25.605],[88.445,25.616],[88.456,25.629],[88.454,25.665],[88.402,25.673],[88.404,25.686],[88.39,25.684],[88.391,25.694],[88.371,25.697],[88.374,25.717],[88.357,25.721],[88.359,25.728],[88.344,25.73],[88.337,25.738],[88.321,25.738],[88.314,25.755],[88.289,25.768],[88.291,25.774],[88.278,25.774],[88.266,25.783],[88.272,25.79],[88.269,25.808],[88.26,25.814],[88.249,25.814],[88.247,25.806],[88.237,25.81],[88.231,25.796],[88.215,25.801],[88.21,25.787],[88.199,25.79],[88.193,25.802],[88.184,25.802],[88.173,25.787],[88.16,25.788],[88.153,25.776],[88.147,25.776],[88.148,25.782],[88.141,25.781],[88.144,25.794],[88.114,25.798],[88.12,25.813],[88.107,25.815],[88.111,25.822],[88.101,25.829],[88.109,25.838],[88.1,25.843],[88.113,25.852],[88.112,25.865],[88.108,25.87],[88.101,25.862],[88.102,25.872],[88.093,25.874],[88.103,25.889],[88.089,25.896],[88.094,25.91],[88.086,25.917],[88.095,25.932],[88.111,25.933],[88.113,25.943],[88.122,25.948],[88.115,25.962],[88.124,25.966],[88.119,25.972],[88.129,25.98],[88.13,25.997],[88.144,26.001],[88.14,26.013],[88.153,26.02],[88.173,26.019],[88.183,26.025],[88.182,26.03],[88.171,26.033],[88.174,26.041],[88.169,26.046],[88.174,26.05],[88.179,26.047],[88.176,26.059],[88.185,26.062],[88.184,26.073],[88.173,26.075],[88.168,26.083],[88.163,26.077],[88.157,26.079],[88.166,26.087],[88.158,26.097],[88.164,26.108],[88.174,26.11],[88.173,26.118],[88.18,26.125],[88.173,26.127],[88.18,26.139],[88.177,26.148],[88.187,26.154],[88.196,26.152],[88.191,26.156],[88.196,26.164],[88.205,26.159],[88.216,26.163],[88.215,26.17],[88.222,26.166],[88.227,26.168],[88.226,26.172],[88.238,26.178],[88.233,26.185],[88.236,26.182],[88.247,26.191],[88.252,26.185],[88.264,26.19],[88.269,26.186],[88.285,26.201],[88.301,26.197],[88.301,26.201],[88.308,26.204],[88.326,26.205],[88.323,26.21],[88.331,26.213],[88.33,26.217],[88.35,26.22],[88.354,26.238],[88.36,26.243],[88.348,26.25],[88.353,26.268],[88.348,26.269],[88.35,26.282],[88.384,26.313],[88.415,26.315],[88.416,26.324],[88.407,26.324],[88.403,26.329],[88.413,26.337],[88.434,26.335],[88.446,26.365],[88.458,26.377],[88.459,26.362],[88.463,26.358],[88.478,26.358],[88.48,26.351],[88.492,26.351],[88.488,26.36],[88.508,26.363],[88.504,26.349],[88.517,26.352],[88.524,26.359],[88.515,26.365],[88.522,26.366],[88.525,26.375],[88.518,26.37],[88.513,26.377],[88.52,26.39],[88.513,26.388],[88.504,26.399],[88.51,26.408],[88.503,26.403],[88.501,26.409],[88.496,26.409],[88.504,26.418],[88.494,26.419],[88.499,26.426],[88.489,26.431],[88.497,26.436],[88.486,26.446],[88.488,26.451],[88.479,26.452],[88.485,26.46],[88.458,26.467],[88.437,26.466],[88.434,26.473],[88.423,26.473],[88.419,26.466],[88.405,26.486],[88.388,26.478],[88.372,26.488],[88.36,26.484],[88.366,26.471],[88.36,26.466],[88.361,26.455],[88.353,26.448],[88.347,26.468],[88.34,26.469],[88.341,26.478],[88.332,26.482],[88.332,26.495],[88.351,26.511],[88.353,26.525],[88.359,26.529],[88.357,26.543],[88.371,26.56],[88.37,26.575],[88.377,26.594],[88.398,26.602],[88.387,26.611],[88.399,26.627],[88.41,26.634],[88.416,26.632],[88.421,26.571],[88.436,26.545],[88.443,26.544],[88.448,26.535],[88.456,26.537],[88.459,26.547],[88.485,26.541],[88.482,26.533],[88.483,26.53],[88.49,26.532],[88.485,26.526],[88.49,26.523],[88.489,26.51],[88.507,26.516],[88.511,26.511],[88.521,26.511],[88.519,26.501],[88.526,26.481],[88.557,26.485],[88.552,26.477],[88.557,26.475],[88.554,26.472],[88.561,26.474],[88.558,26.467],[88.563,26.467],[88.559,26.462],[88.564,26.46],[88.56,26.458],[88.579,26.457],[88.584,26.45],[88.593,26.45],[88.594,26.471],[88.623,26.471],[88.628,26.441],[88.624,26.435],[88.65,26.43],[88.651,26.422],[88.644,26.419],[88.66,26.416],[88.668,26.407],[88.686,26.413],[88.687,26.401],[88.67,26.397],[88.689,26.396],[88.687,26.387],[88.702,26.389],[88.681,26.38],[88.686,26.379],[88.689,26.365],[88.696,26.362],[88.691,26.361],[88.698,26.357],[88.694,26.346],[88.704,26.342],[88.703,26.335],[88.709,26.333],[88.713,26.344],[88.726,26.341],[88.73,26.348],[88.736,26.348],[88.733,26.354],[88.745,26.348],[88.743,26.338],[88.734,26.329],[88.749,26.332],[88.746,26.322],[88.731,26.324],[88.731,26.318],[88.724,26.315],[88.719,26.313],[88.715,26.318],[88.697,26.312],[88.69,26.323],[88.696,26.329],[88.675,26.32],[88.675,26.311],[88.682,26.313],[88.678,26.307],[88.685,26.302],[88.684,26.295],[88.709,26.288],[88.686,26.282],[88.681,26.296],[88.668,26.297],[88.667,26.274],[88.672,26.269],[88.666,26.263],[88.677,26.265],[88.679,26.259],[88.683,26.261],[88.686,26.268],[88.692,26.269],[88.685,26.28],[88.691,26.277],[88.707,26.284],[88.719,26.282],[88.72,26.293],[88.727,26.293],[88.727,26.288],[88.73,26.293],[88.745,26.289],[88.741,26.295],[88.747,26.311],[88.756,26.311],[88.764,26.299],[88.793,26.31],[88.819,26.295],[88.81,26.277],[88.815,26.27],[88.813,26.255],[88.829,26.25],[88.828,26.24],[88.838,26.238],[88.842,26.231],[88.853,26.235],[88.86,26.232],[88.878,26.234],[88.878,26.242],[88.872,26.24],[88.872,26.245],[88.861,26.252],[88.862,26.273],[88.876,26.287],[88.898,26.289],[88.926,26.284],[88.953,26.242],[88.959,26.24],[88.993,26.246],[89.02,26.243],[89.027,26.248],[89.051,26.242],[89.052,26.256],[89.063,26.254],[89.063,26.271],[89.054,26.277],[89.063,26.278],[89.057,26.286],[89.06,26.293],[89.046,26.296],[89.042,26.29],[89.047,26.283],[89.05,26.288],[89.048,26.281],[89.045,26.275],[89.04,26.277],[89.041,26.286],[89.027,26.283],[89.019,26.289],[89.027,26.306],[89.021,26.309],[89.015,26.3],[89.018,26.29],[89.007,26.305],[88.996,26.29],[88.997,26.3],[88.995,26.297],[88.985,26.301],[88.983,26.31],[88.985,26.318],[88.997,26.314],[88.991,26.322],[88.998,26.322],[89.001,26.33],[88.99,26.335],[88.985,26.333],[88.982,26.341],[88.99,26.339],[88.987,26.348],[88.978,26.347],[88.975,26.351],[88.965,26.349],[88.961,26.352],[88.963,26.336],[88.96,26.33],[88.952,26.332],[88.952,26.342],[88.959,26.344],[88.946,26.346],[88.958,26.362],[88.95,26.366],[88.947,26.356],[88.927,26.365],[88.919,26.359],[88.92,26.366],[88.912,26.366],[88.91,26.37],[88.921,26.379],[88.909,26.38],[88.916,26.385],[88.918,26.4],[88.91,26.401],[88.905,26.409],[88.926,26.407],[88.93,26.414],[88.923,26.424],[88.933,26.427],[88.926,26.428],[88.926,26.432],[88.945,26.426],[88.945,26.432],[88.951,26.435],[88.946,26.448],[88.952,26.448],[88.951,26.452],[88.961,26.448],[88.965,26.451],[88.957,26.46],[88.976,26.447],[88.979,26.45],[88.983,26.447],[88.981,26.425],[88.993,26.419],[88.994,26.413],[88.998,26.414],[88.994,26.423],[89.006,26.422],[89.007,26.413],[89.022,26.414],[89.019,26.404],[89.03,26.407],[89.035,26.395],[89.041,26.4],[89.058,26.395],[89.063,26.401],[89.063,26.397],[89.066,26.4],[89.075,26.396],[89.074,26.391],[89.075,26.396],[89.087,26.398],[89.08,26.39],[89.096,26.391],[89.09,26.386],[89.088,26.366],[89.08,26.367],[89.08,26.363],[89.098,26.359],[89.093,26.353],[89.101,26.337],[89.084,26.322],[89.092,26.32],[89.097,26.329],[89.1,26.323],[89.11,26.325],[89.113,26.319],[89.136,26.32],[89.135,26.314],[89.129,26.313],[89.135,26.313],[89.136,26.308],[89.125,26.305],[89.13,26.305],[89.131,26.301],[89.127,26.302],[89.132,26.299],[89.123,26.287],[89.105,26.316],[89.099,26.304],[89.107,26.3],[89.104,26.297],[89.107,26.291],[89.1,26.28],[89.106,26.281],[89.106,26.274],[89.125,26.264],[89.12,26.253],[89.13,26.249],[89.132,26.24],[89.141,26.236],[89.142,26.215],[89.149,26.209],[89.139,26.199],[89.134,26.181],[89.141,26.169],[89.149,26.17],[89.157,26.163],[89.149,26.159],[89.155,26.138],[89.16,26.14],[89.167,26.13],[89.175,26.132],[89.192,26.124],[89.203,26.129],[89.211,26.124],[89.23,26.124],[89.229,26.117],[89.242,26.113],[89.239,26.108],[89.252,26.101],[89.251,26.091],[89.267,26.094],[89.255,26.075],[89.254,26.064],[89.27,26.06],[89.281,26.066],[89.281,26.056],[89.276,26.049],[89.297,26.045],[89.3,26.05],[89.315,26.037],[89.324,26.038],[89.327,26.03],[89.339,26.023],[89.335,26.023],[89.334,26.02],[89.337,26.022],[89.339,26.018],[89.337,26.018],[89.34,26.015],[89.349,26.016],[89.344,26.013],[89.356,26.008],[89.374,26.012],[89.393,26.007],[89.391,26.023],[89.407,26.031],[89.407,26.041],[89.423,26.044],[89.424,26.048],[89.433,26.038],[89.427,26.015],[89.431,26.011],[89.447,26.008],[89.462,25.999],[89.481,25.997],[89.491,26.006],[89.507,26.002],[89.517,26.009],[89.538,26.002],[89.534,26.006],[89.541,26.006],[89.548,26],[89.535,25.989],[89.542,25.983],[89.54,25.97],[89.558,25.965],[89.566,25.98],[89.569,25.968],[89.577,25.969],[89.574,25.98],[89.585,25.976],[89.587,25.981],[89.579,26.026],[89.585,26.026],[89.587,26.038],[89.597,26.038],[89.592,26.045],[89.613,26.053],[89.605,26.064],[89.618,26.06],[89.621,26.053],[89.631,26.063],[89.65,26.063],[89.634,26.081],[89.64,26.09],[89.633,26.095],[89.636,26.099],[89.63,26.107],[89.624,26.108],[89.621,26.101],[89.614,26.104],[89.617,26.095],[89.61,26.096],[89.609,26.089],[89.596,26.099],[89.594,26.103],[89.601,26.107],[89.595,26.107],[89.601,26.108],[89.598,26.113],[89.605,26.106],[89.616,26.107],[89.63,26.119],[89.626,26.129],[89.62,26.12],[89.612,26.128],[89.604,26.118],[89.601,26.124],[89.607,26.125],[89.596,26.135],[89.598,26.154],[89.591,26.157],[89.6,26.161],[89.61,26.155],[89.608,26.159],[89.619,26.168],[89.611,26.169],[89.611,26.174],[89.615,26.175],[89.609,26.176],[89.609,26.181],[89.613,26.177],[89.624,26.179],[89.625,26.171],[89.63,26.18],[89.637,26.179],[89.632,26.172],[89.649,26.165],[89.659,26.177],[89.655,26.182],[89.643,26.183],[89.639,26.179],[89.628,26.184],[89.63,26.196],[89.644,26.185],[89.649,26.19],[89.639,26.2],[89.638,26.21],[89.633,26.21],[89.634,26.229],[89.656,26.219],[89.672,26.22],[89.679,26.238],[89.682,26.228],[89.686,26.23],[89.684,26.223],[89.689,26.221],[89.679,26.224],[89.68,26.214],[89.684,26.208],[89.692,26.213],[89.686,26.207],[89.676,26.209],[89.673,26.202],[89.686,26.198],[89.682,26.193],[89.687,26.182],[89.701,26.174],[89.684,26.17],[89.681,26.164],[89.697,26.159],[89.702,26.152],[89.71,26.156],[89.715,26.169],[89.72,26.156],[89.747,26.158],[89.755,26.139],[89.766,26.131],[89.756,26.109],[89.784,26.105],[89.781,26.084],[89.795,26.088],[89.79,26.075],[89.796,26.076],[89.799,26.059],[89.785,26.057],[89.788,26.049],[89.774,26.038],[89.776,26.035],[89.78,26.041],[89.788,26.04],[89.79,26.034],[89.793,26.042],[89.802,26.04],[89.793,26.023],[89.788,26.021],[89.79,26.018],[89.802,26.032],[89.806,26.045],[89.809,26.043],[89.819,26.026],[89.815,26.02],[89.822,26.01],[89.82,25.998],[89.814,25.998],[89.819,25.988],[89.836,25.982],[89.831,26.003],[89.835,26.011],[89.844,26.006],[89.851,25.99],[89.871,25.981],[89.872,25.974],[89.839,25.968],[89.849,25.949],[89.83,25.955],[89.825,25.945],[89.842,25.944],[89.843,25.94],[89.887,25.945],[89.878,25.924],[89.832,25.871],[89.835,25.84],[89.816,25.815],[89.826,25.811],[89.841,25.761],[89.827,25.741],[89.827,25.732],[89.835,25.716],[89.851,25.712],[89.846,25.696],[89.863,25.666],[89.871,25.663],[89.882,25.617],[89.866,25.546],[89.851,25.539],[89.86,25.517],[89.855,25.497],[89.849,25.493],[89.852,25.466],[89.833,25.438],[89.82,25.382],[89.823,25.349],[89.841,25.317],[89.841,25.308],[89.831,25.296],[89.838,25.293],[89.876,25.285],[89.909,25.308],[89.939,25.299],[89.944,25.305],[89.949,25.293],[89.954,25.301],[89.967,25.304],[89.977,25.296],[89.981,25.281],[89.996,25.277],[90.005,25.28],[90.034,25.263],[90.055,25.26],[90.074,25.244],[90.119,25.223],[90.172,25.223],[90.195,25.211],[90.219,25.207],[90.225,25.201],[90.234,25.204],[90.31,25.189],[90.33,25.194],[90.37,25.163],[90.404,25.16],[90.418,25.149],[90.441,25.145],[90.449,25.145],[90.451,25.153],[90.486,25.161],[90.499,25.172],[90.51,25.17],[90.509,25.177],[90.519,25.172],[90.551,25.175],[90.555,25.172],[90.605,25.175],[90.609,25.179],[90.627,25.172],[90.641,25.175],[90.64,25.184],[90.65,25.182],[90.649,25.194],[90.656,25.185],[90.663,25.197],[90.666,25.166],[90.674,25.176],[90.678,25.172],[90.686,25.175],[90.682,25.165],[90.698,25.157],[90.7,25.164],[90.706,25.161],[90.71,25.169],[90.724,25.165],[90.733,25.155],[90.742,25.161],[90.733,25.162],[90.734,25.167],[90.742,25.17],[90.748,25.164],[90.76,25.168],[90.763,25.178],[90.78,25.186],[90.782,25.181],[90.795,25.181],[90.799,25.174],[90.806,25.174],[90.806,25.166],[90.814,25.164],[90.818,25.168],[90.819,25.163],[90.832,25.161],[90.842,25.164],[90.846,25.158],[90.862,25.158],[90.884,25.167],[90.925,25.162],[91.019,25.187],[91.068,25.192],[91.075,25.198],[91.132,25.194],[91.195,25.201],[91.25,25.196],[91.268,25.207],[91.292,25.193],[91.286,25.186],[91.318,25.184],[91.327,25.176],[91.351,25.176],[91.354,25.171],[91.363,25.178],[91.375,25.168],[91.386,25.17],[91.41,25.163],[91.415,25.171],[91.425,25.157],[91.44,25.15],[91.468,25.152],[91.47,25.14],[91.464,25.135],[91.47,25.134],[91.493,25.139],[91.5,25.136],[91.501,25.144],[91.509,25.148],[91.528,25.145],[91.557,25.15],[91.563,25.161],[91.576,25.16],[91.571,25.165],[91.577,25.173],[91.612,25.176],[91.615,25.17],[91.604,25.168],[91.599,25.159],[91.603,25.158],[91.599,25.155],[91.602,25.143],[91.611,25.146],[91.612,25.142],[91.621,25.144],[91.623,25.128],[91.638,25.123],[91.653,25.131],[91.664,25.129],[91.664,25.135],[91.67,25.138],[91.692,25.137],[91.694,25.146],[91.703,25.15],[91.703,25.159],[91.736,25.15],[91.736,25.144],[91.747,25.141],[91.743,25.145],[91.749,25.156],[91.745,25.17],[91.752,25.176],[91.758,25.169],[91.776,25.163],[91.806,25.168],[91.827,25.177],[91.861,25.173],[91.876,25.178],[91.881,25.173],[91.919,25.182],[91.965,25.177],[91.976,25.168],[92.004,25.186],[92.015,25.187],[92.025,25.179],[92.027,25.183],[92.062,25.188],[92.073,25.185],[92.076,25.179],[92.08,25.182],[92.104,25.175],[92.133,25.16],[92.141,25.155],[92.135,25.153],[92.134,25.143],[92.152,25.134],[92.164,25.136],[92.159,25.132],[92.165,25.126],[92.179,25.126],[92.182,25.119],[92.19,25.127],[92.188,25.136],[92.194,25.126],[92.227,25.118],[92.221,25.114],[92.209,25.119],[92.207,25.111],[92.223,25.103],[92.227,25.093],[92.231,25.097],[92.311,25.069],[92.319,25.07],[92.322,25.078],[92.335,25.079],[92.347,25.074],[92.348,25.061],[92.34,25.05],[92.361,25.047],[92.363,25.05],[92.369,25.041],[92.375,25.044],[92.383,25.039],[92.384,25.043],[92.413,25.029],[92.425,25.03],[92.425,25.013],[92.416,24.991],[92.423,24.99],[92.419,24.967],[92.448,24.965],[92.457,24.972],[92.469,24.964],[92.465,24.955],[92.451,24.952],[92.449,24.94],[92.474,24.942],[92.489,24.948],[92.484,24.929],[92.495,24.918],[92.492,24.878],[92.498,24.876],[92.476,24.868],[92.459,24.874],[92.443,24.871],[92.439,24.856],[92.423,24.853],[92.406,24.859],[92.4,24.849],[92.384,24.853],[92.375,24.874],[92.363,24.872],[92.346,24.894],[92.345,24.882],[92.339,24.878],[92.326,24.897],[92.316,24.895],[92.307,24.902],[92.299,24.916],[92.281,24.906],[92.248,24.909],[92.232,24.9],[92.248,24.886],[92.246,24.868],[92.238,24.868],[92.235,24.862],[92.241,24.842],[92.255,24.839],[92.25,24.83],[92.273,24.828],[92.273,24.8],[92.289,24.788],[92.285,24.769],[92.293,24.757],[92.286,24.756],[92.279,24.746],[92.296,24.737],[92.254,24.678],[92.257,24.673],[92.247,24.655],[92.244,24.617],[92.235,24.598],[92.231,24.531],[92.224,24.517],[92.212,24.504],[92.169,24.532],[92.155,24.523],[92.158,24.516],[92.152,24.509],[92.159,24.508],[92.152,24.499],[92.158,24.474],[92.153,24.472],[92.159,24.469],[92.155,24.466],[92.161,24.463],[92.163,24.437],[92.169,24.428],[92.164,24.419],[92.154,24.426],[92.148,24.421],[92.137,24.425],[92.135,24.407],[92.119,24.39],[92.122,24.382],[92.102,24.383],[92.097,24.373],[92.083,24.377],[92.044,24.375],[92.02,24.387],[92.008,24.381],[91.997,24.394],[91.995,24.388],[91.988,24.391],[91.992,24.387],[91.986,24.376],[91.97,24.385],[91.967,24.379],[91.972,24.38],[91.97,24.375],[91.978,24.373],[91.985,24.361],[91.978,24.357],[91.998,24.335],[91.996,24.322],[91.982,24.323],[91.967,24.35],[91.957,24.357],[91.941,24.343],[91.92,24.337],[91.94,24.268],[91.912,24.168],[91.915,24.154],[91.902,24.137],[91.885,24.139],[91.878,24.148],[91.874,24.174],[91.845,24.191],[91.842,24.201],[91.849,24.202],[91.85,24.214],[91.855,24.212],[91.846,24.217],[91.85,24.224],[91.843,24.22],[91.845,24.226],[91.837,24.225],[91.838,24.219],[91.816,24.21],[91.807,24.221],[91.789,24.221],[91.745,24.247],[91.763,24.142],[91.729,24.143],[91.721,24.153],[91.706,24.154],[91.702,24.164],[91.695,24.16],[91.688,24.162],[91.68,24.176],[91.68,24.194],[91.667,24.211],[91.666,24.234],[91.648,24.219],[91.653,24.196],[91.659,24.196],[91.66,24.19],[91.656,24.176],[91.647,24.179],[91.647,24.157],[91.635,24.138],[91.642,24.116],[91.638,24.104],[91.611,24.092],[91.596,24.097],[91.591,24.091],[91.6,24.085],[91.586,24.073],[91.574,24.08],[91.572,24.075],[91.545,24.074],[91.498,24.088],[91.493,24.096],[91.474,24.1],[91.457,24.097],[91.45,24.101],[91.442,24.097],[91.441,24.103],[91.432,24.1],[91.427,24.108],[91.412,24.116],[91.4,24.108],[91.374,24.108],[91.377,24.08],[91.397,24.05],[91.391,24.027],[91.373,24.003],[91.379,23.991],[91.379,23.975],[91.362,23.986],[91.341,23.982],[91.33,23.993],[91.315,23.991],[91.304,23.998],[91.3,23.972],[91.287,23.968],[91.285,23.983],[91.264,23.944],[91.273,23.938],[91.276,23.923],[91.233,23.927],[91.246,23.914],[91.245,23.907],[91.229,23.899],[91.23,23.881],[91.236,23.878],[91.254,23.837],[91.233,23.811],[91.226,23.791],[91.231,23.765],[91.219,23.737],[91.21,23.749],[91.197,23.751],[91.167,23.75],[91.157,23.742],[91.15,23.712],[91.153,23.689],[91.196,23.692],[91.208,23.687],[91.203,23.68],[91.202,23.656],[91.205,23.654],[91.2,23.647],[91.191,23.647],[91.193,23.654],[91.176,23.66],[91.17,23.658],[91.156,23.671],[91.161,23.654],[91.16,23.611],[91.162,23.595],[91.177,23.593],[91.175,23.586],[91.187,23.578],[91.195,23.563],[91.194,23.547],[91.202,23.55],[91.205,23.545],[91.213,23.551],[91.201,23.52],[91.208,23.512],[91.224,23.514],[91.22,23.498],[91.236,23.502],[91.236,23.489],[91.249,23.49],[91.251,23.453],[91.256,23.441],[91.271,23.43],[91.263,23.424],[91.276,23.415],[91.28,23.377],[91.294,23.376],[91.294,23.371],[91.284,23.371],[91.286,23.363],[91.295,23.361],[91.291,23.351],[91.32,23.36],[91.318,23.354],[91.311,23.354],[91.311,23.343],[91.296,23.341],[91.29,23.319],[91.296,23.314],[91.31,23.314],[91.313,23.307],[91.315,23.297],[91.307,23.3],[91.3,23.293],[91.302,23.287],[91.317,23.282],[91.31,23.277],[91.318,23.253],[91.327,23.252],[91.326,23.247],[91.319,23.246],[91.324,23.238],[91.323,23.158],[91.333,23.153],[91.342,23.118],[91.348,23.119],[91.347,23.102],[91.37,23.071],[91.396,23.056],[91.417,23.065],[91.411,23.066],[91.417,23.083],[91.408,23.084],[91.406,23.097],[91.4,23.097],[91.403,23.114],[91.397,23.118],[91.397,23.13],[91.385,23.156],[91.385,23.175],[91.38,23.185],[91.388,23.208],[91.381,23.209],[91.392,23.22],[91.386,23.228],[91.401,23.229],[91.392,23.246],[91.409,23.248],[91.397,23.256],[91.398,23.265],[91.411,23.256],[91.409,23.285],[91.416,23.283],[91.42,23.273],[91.416,23.269],[91.418,23.256],[91.421,23.262],[91.425,23.258],[91.431,23.263],[91.454,23.26],[91.446,23.25],[91.448,23.244],[91.458,23.246],[91.47,23.228],[91.45,23.219],[91.458,23.213],[91.475,23.22],[91.484,23.209],[91.482,23.199],[91.471,23.197],[91.485,23.188],[91.488,23.192],[91.492,23.189],[91.503,23.192],[91.501,23.185],[91.507,23.184],[91.507,23.18],[91.492,23.178],[91.492,23.172],[91.498,23.172],[91.491,23.158],[91.494,23.152],[91.507,23.154],[91.495,23.147],[91.5,23.142],[91.508,23.14],[91.515,23.145],[91.515,23.139],[91.503,23.131],[91.517,23.126],[91.515,23.118],[91.52,23.115],[91.512,23.113],[91.511,23.104],[91.522,23.104],[91.519,23.094],[91.53,23.092],[91.525,23.083],[91.535,23.063],[91.526,23.06],[91.525,23.055],[91.536,23.055],[91.53,23.038],[91.55,23.038],[91.538,23.019],[91.548,23.019],[91.543,23],[91.548,22.994],[91.557,22.997],[91.557,22.979],[91.577,22.965],[91.59,22.977],[91.606,22.972],[91.606,22.966],[91.614,22.958],[91.605,22.962],[91.6,22.955],[91.609,22.957],[91.607,22.95],[91.616,22.952],[91.613,22.948],[91.619,22.937],[91.626,22.944],[91.625,22.962],[91.635,22.961],[91.646,22.977],[91.645,22.985],[91.652,22.976],[91.657,22.982],[91.672,22.977],[91.676,22.983],[91.679,22.976],[91.694,22.988],[91.704,22.988],[91.708,22.982],[91.71,22.988],[91.721,22.988],[91.724,22.998],[91.744,23.006],[91.761,23.03],[91.772,23.033],[91.768,23.041],[91.774,23.039],[91.774,23.027],[91.78,23.029],[91.779,23.037],[91.782,23.034],[91.784,23.04],[91.774,23.069],[91.785,23.072],[91.789,23.067],[91.789,23.072],[91.796,23.067],[91.794,23.062],[91.806,23.063],[91.806,23.067],[91.812,23.066],[91.813,23.074],[91.819,23.073],[91.816,23.083],[91.82,23.08],[91.822,23.086],[91.836,23.092],[91.825,23.099],[91.813,23.099],[91.818,23.112],[91.811,23.122],[91.815,23.134],[91.808,23.135],[91.814,23.146],[91.806,23.158],[91.81,23.165],[91.805,23.168],[91.806,23.18],[91.795,23.187],[91.798,23.195],[91.789,23.204],[91.791,23.227],[91.784,23.233],[91.783,23.243],[91.78,23.24],[91.776,23.243],[91.78,23.247],[91.775,23.257],[91.777,23.269],[91.761,23.277],[91.762,23.3],[91.766,23.312],[91.793,23.328],[91.793,23.335],[91.803,23.334],[91.813,23.354],[91.825,23.354],[91.826,23.363],[91.838,23.371],[91.837,23.387],[91.842,23.389],[91.845,23.406],[91.859,23.405],[91.873,23.414],[91.877,23.424],[91.886,23.427],[91.888,23.433],[91.896,23.433],[91.9,23.441],[91.908,23.437],[91.919,23.44],[91.928,23.433],[91.943,23.435],[91.937,23.467],[91.947,23.466],[91.958,23.474],[91.958,23.479],[91.97,23.478],[91.971,23.503],[91.956,23.527],[91.965,23.535],[91.957,23.551],[91.954,23.61],[91.942,23.634],[91.947,23.646],[91.934,23.685],[91.942,23.694],[91.958,23.695],[91.951,23.7],[91.948,23.714],[91.957,23.734],[91.966,23.734],[91.967,23.73],[91.978,23.733],[92.001,23.671],[92.006,23.671],[92.015,23.66],[92.024,23.663],[92.022,23.658],[92.03,23.659],[92.047,23.646],[92.05,23.649],[92.063,23.645],[92.079,23.649],[92.076,23.668],[92.083,23.68],[92.1,23.677],[92.107,23.689],[92.121,23.693],[92.125,23.707],[92.148,23.736],[92.171,23.739],[92.17,23.723],[92.178,23.708],[92.186,23.711],[92.203,23.706],[92.214,23.685],[92.206,23.673],[92.207,23.661],[92.215,23.652],[92.226,23.655],[92.233,23.667],[92.232,23.683],[92.242,23.695],[92.237,23.712],[92.241,23.72],[92.257,23.725],[92.28,23.719],[92.278,23.71],[92.29,23.702],[92.291,23.681],[92.273,23.642],[92.282,23.638],[92.277,23.632],[92.279,23.625],[92.283,23.63],[92.296,23.621],[92.287,23.617],[92.287,23.596],[92.293,23.595],[92.297,23.588],[92.301,23.593],[92.308,23.578],[92.307,23.564],[92.313,23.556],[92.306,23.535],[92.314,23.533],[92.318,23.526],[92.313,23.516],[92.319,23.516],[92.315,23.513],[92.322,23.501],[92.317,23.494],[92.322,23.491],[92.316,23.487],[92.326,23.479],[92.317,23.472],[92.332,23.466],[92.33,23.46],[92.325,23.459],[92.333,23.456],[92.327,23.449],[92.334,23.429],[92.336,23.434],[92.346,23.433],[92.348,23.413],[92.357,23.411],[92.353,23.396],[92.354,23.389],[92.359,23.39],[92.353,23.381],[92.365,23.38],[92.357,23.372],[92.364,23.366],[92.371,23.374],[92.369,23.367],[92.379,23.362],[92.381,23.351],[92.364,23.323],[92.368,23.317],[92.367,23.323],[92.371,23.318],[92.376,23.32],[92.376,23.313],[92.386,23.306],[92.381,23.285],[92.388,23.281],[92.395,23.265],[92.388,23.266],[92.389,23.26],[92.399,23.256],[92.396,23.248],[92.404,23.241],[92.402,23.236],[92.347,23.236],[92.354,23.222],[92.354,23.185],[92.361,23.182],[92.354,23.179],[92.365,23.157],[92.357,23.134],[92.368,23.127],[92.358,23.103],[92.37,23.097],[92.375,23.085],[92.38,23.087],[92.392,23.056],[92.382,23.033],[92.38,23.012],[92.385,23.01],[92.385,22.986],[92.374,22.971],[92.377,22.96],[92.373,22.958],[92.378,22.953],[92.373,22.94],[92.376,22.937],[92.371,22.936],[92.376,22.935],[92.376,22.929],[92.397,22.93],[92.401,22.912],[92.404,22.918],[92.413,22.913],[92.42,22.919],[92.421,22.906],[92.434,22.885],[92.446,22.897],[92.45,22.894],[92.448,22.877],[92.46,22.871],[92.454,22.87],[92.452,22.863],[92.461,22.861],[92.465,22.854],[92.457,22.851],[92.464,22.842],[92.453,22.843],[92.462,22.831],[92.454,22.819],[92.459,22.819],[92.461,22.807],[92.463,22.811],[92.472,22.796],[92.469,22.783],[92.473,22.784],[92.474,22.76],[92.479,22.753],[92.474,22.747],[92.489,22.746],[92.491,22.741],[92.505,22.739],[92.517,22.722],[92.514,22.708],[92.529,22.665],[92.523,22.656],[92.528,22.651],[92.525,22.64],[92.526,22.633],[92.532,22.633],[92.527,22.621],[92.535,22.612],[92.534,22.608],[92.53,22.609],[92.53,22.603],[92.539,22.589],[92.533,22.588],[92.538,22.586],[92.538,22.575],[92.527,22.573],[92.528,22.566],[92.522,22.56],[92.531,22.553],[92.531,22.545],[92.54,22.541],[92.544,22.513],[92.547,22.517],[92.551,22.513],[92.546,22.51],[92.551,22.51],[92.549,22.501],[92.543,22.499],[92.55,22.497],[92.543,22.491],[92.555,22.431],[92.551,22.427],[92.557,22.424],[92.551,22.424],[92.555,22.417],[92.552,22.409],[92.557,22.409],[92.555,22.406],[92.56,22.402],[92.556,22.399],[92.559,22.382],[92.572,22.358],[92.574,22.332],[92.581,22.322],[92.578,22.311],[92.584,22.304],[92.58,22.303],[92.584,22.299],[92.581,22.282],[92.586,22.28],[92.581,22.276],[92.581,22.269],[92.591,22.255],[92.588,22.216],[92.595,22.203],[92.595,22.175],[92.607,22.172],[92.609,22.164],[92.611,22.138],[92.606,22.124],[92.593,22.126],[92.589,22.131],[92.592,22.139],[92.58,22.143],[92.564,22.134],[92.562,22.128],[92.575,22.116],[92.585,22.083],[92.591,22.081],[92.592,22.065],[92.603,22.062],[92.599,22.043],[92.593,22.038],[92.6,22.029],[92.598,22.009],[92.613,21.991],[92.611,21.984],[92.603,21.978],[92.607,21.975],[92.635,21.984],[92.652,22.016],[92.67,22.01],[92.68,22.012],[92.685,22.042],[92.682,22.103],[92.688,22.104],[92.69,22.072],[92.692,22.134],[92.697,22.142],[92.695,22.154],[92.7,22.155],[92.713,22.147],[92.727,22.149],[92.735,22.134],[92.753,22.125],[92.76,22.126],[92.771,22.109],[92.79,22.105],[92.798,22.094],[92.804,22.098],[92.81,22.096],[92.818,22.087],[92.818,22.075],[92.836,22.072],[92.841,22.059],[92.852,22.067],[92.863,22.063],[92.864,22.025],[92.88,22.022],[92.878,22.015],[92.891,22.011],[92.899,21.957],[92.906,21.941],[92.915,21.98],[92.935,22.006],[92.927,22.015],[92.94,22.014],[92.951,22.03],[92.96,22.026],[92.964,22.011],[92.978,21.998],[92.981,21.981],[92.997,21.979],[93.005,21.987],[93.004,22.017],[92.994,22.031],[92.994,22.042],[93.012,22.089],[93.005,22.105],[93.047,22.099],[93.059,22.101],[93.057,22.122],[93.039,22.139],[93.044,22.143],[93.037,22.145],[93.049,22.169],[93.038,22.195],[93.046,22.203],[93.057,22.202],[93.063,22.208],[93.088,22.197],[93.111,22.204],[93.124,22.174],[93.151,22.176],[93.161,22.197],[93.148,22.212],[93.152,22.217],[93.139,22.235],[93.142,22.246],[93.163,22.25],[93.177,22.246],[93.199,22.256],[93.202,22.264],[93.194,22.288],[93.199,22.294],[93.19,22.3],[93.195,22.302],[93.191,22.309],[93.196,22.314],[93.189,22.323],[93.197,22.329],[93.186,22.34],[93.188,22.365],[93.183,22.374],[93.19,22.383],[93.182,22.395],[93.187,22.403],[93.182,22.418],[93.185,22.428],[93.163,22.451],[93.139,22.454],[93.131,22.468],[93.135,22.492],[93.124,22.508],[93.128,22.524],[93.106,22.527],[93.112,22.533],[93.112,22.558],[93.138,22.584],[93.14,22.593],[93.128,22.624],[93.108,22.637],[93.11,22.656],[93.095,22.672],[93.094,22.681],[93.102,22.683],[93.091,22.705],[93.107,22.751],[93.1,22.764],[93.094,22.806],[93.11,22.819],[93.103,22.824],[93.112,22.828],[93.11,22.833],[93.118,22.843],[93.117,22.864],[93.126,22.871],[93.134,22.892],[93.131,22.907],[93.14,22.914],[93.15,22.908],[93.164,22.911],[93.148,22.926],[93.145,22.946],[93.138,22.951],[93.141,22.958],[93.135,22.971],[93.143,22.976],[93.14,22.99],[93.132,22.991],[93.125,23.003],[93.12,23.002],[93.128,23.031],[93.127,23.044],[93.135,23.048],[93.136,23.061],[93.141,23.053],[93.151,23.054],[93.155,23.043],[93.161,23.048],[93.169,23.047],[93.185,23.059],[93.188,23.052],[93.201,23.055],[93.21,23.048],[93.217,23.034],[93.215,23.027],[93.229,23.02],[93.229,23.012],[93.241,23.007],[93.27,23.011],[93.275,23.004],[93.283,23.009],[93.294,23.007],[93.305,23.021],[93.313,23.019],[93.32,23.037],[93.327,23.04],[93.327,23.048],[93.333,23.05],[93.334,23.059],[93.343,23.059],[93.34,23.068],[93.351,23.071],[93.339,23.074],[93.344,23.093],[93.353,23.097],[93.355,23.117],[93.363,23.115],[93.377,23.127],[93.377,23.133],[93.385,23.135],[93.386,23.145],[93.378,23.141],[93.368,23.144],[93.372,23.17],[93.368,23.175],[93.38,23.187],[93.375,23.205],[93.379,23.215],[93.388,23.216],[93.38,23.225],[93.376,23.248],[93.369,23.25],[93.374,23.261],[93.365,23.269],[93.369,23.276],[93.362,23.28],[93.37,23.287],[93.365,23.306],[93.371,23.309],[93.363,23.313],[93.371,23.314],[93.366,23.321],[93.372,23.329],[93.362,23.337],[93.355,23.353],[93.384,23.362],[93.388,23.359],[93.391,23.37],[93.386,23.374],[93.401,23.384],[93.388,23.42],[93.388,23.446],[93.39,23.45],[93.395,23.448],[93.392,23.458],[93.399,23.472],[93.392,23.479],[93.395,23.504],[93.409,23.517],[93.418,23.54],[93.41,23.564],[93.415,23.571],[93.422,23.571],[93.423,23.585],[93.428,23.588],[93.42,23.612],[93.424,23.629],[93.416,23.647],[93.438,23.687],[93.426,23.689],[93.419,23.702],[93.407,23.707],[93.411,23.729],[93.404,23.745],[93.392,23.756],[93.404,23.807],[93.399,23.815],[93.39,23.818],[93.393,23.823],[93.385,23.848],[93.389,23.865],[93.385,23.876],[93.395,23.924],[93.381,23.935],[93.369,23.93],[93.361,23.945],[93.351,23.941],[93.351,23.961],[93.341,23.969],[93.343,23.975],[93.337,23.976],[93.339,23.98],[93.333,23.979],[93.334,23.985],[93.329,23.985],[93.337,23.99],[93.33,24.021],[93.339,24.022],[93.331,24.03],[93.326,24.03],[93.338,24.04],[93.326,24.046],[93.326,24.052],[93.338,24.062],[93.328,24.081],[93.335,24.09],[93.354,24.091],[93.343,24.097],[93.342,24.102],[93.349,24.105],[93.348,24.099],[93.354,24.099],[93.358,24.091],[93.372,24.091],[93.39,24.083],[93.399,24.085],[93.414,24.074],[93.422,24.064],[93.433,24.024],[93.44,24.015],[93.452,24.014],[93.453,24],[93.461,23.998],[93.463,23.974],[93.505,23.942],[93.515,23.943],[93.525,23.956],[93.55,23.96],[93.56,23.982],[93.571,23.978],[93.574,23.967],[93.592,23.961],[93.599,23.973],[93.609,23.972],[93.612,23.997],[93.624,24.011],[93.652,24.01],[93.656,24.002],[93.69,24.009],[93.723,23.998],[93.74,24.003],[93.741,23.997],[93.745,24.004],[93.754,24.006],[93.761,24],[93.772,23.969],[93.798,23.947],[93.8,23.933],[93.808,23.927],[93.82,23.924],[93.84,23.932],[93.859,23.932],[93.872,23.941],[93.883,23.942],[93.893,23.953],[93.93,23.95],[93.944,23.946],[93.96,23.928],[93.975,23.925],[93.989,23.929],[93.998,23.922],[94.017,23.927],[94.025,23.916],[94.04,23.911],[94.049,23.887],[94.068,23.89],[94.082,23.882],[94.096,23.889],[94.102,23.883],[94.103,23.87],[94.113,23.863],[94.109,23.855],[94.116,23.852],[94.111,23.849],[94.113,23.843],[94.126,23.833],[94.144,23.835],[94.146,23.85],[94.157,23.848],[94.17,23.929],[94.178,23.926],[94.19,23.933],[94.202,23.983],[94.237,24.035],[94.228,24.057],[94.233,24.058],[94.239,24.052],[94.255,24.082],[94.252,24.126],[94.26,24.165],[94.276,24.173],[94.292,24.234],[94.303,24.236],[94.322,24.277],[94.322,24.329],[94.35,24.334],[94.378,24.38],[94.361,24.394],[94.395,24.41],[94.408,24.44],[94.397,24.454],[94.398,24.482],[94.426,24.481],[94.456,24.573],[94.468,24.572],[94.475,24.58],[94.509,24.594],[94.54,24.644],[94.548,24.684],[94.542,24.704],[94.559,24.713],[94.568,24.706],[94.572,24.719],[94.58,24.725],[94.578,24.711],[94.586,24.706],[94.605,24.713],[94.612,24.741],[94.629,24.757],[94.618,24.781],[94.63,24.805],[94.632,24.84],[94.65,24.855],[94.648,24.861],[94.657,24.871],[94.673,24.875],[94.688,24.889],[94.702,24.93],[94.71,24.929],[94.714,24.935],[94.697,24.96],[94.696,24.968],[94.707,24.987],[94.727,25],[94.727,25.01],[94.744,25.037],[94.745,25.06],[94.738,25.066],[94.745,25.08],[94.736,25.11],[94.741,25.127],[94.736,25.135],[94.715,25.138],[94.702,25.146],[94.697,25.155],[94.689,25.158],[94.68,25.149],[94.664,25.163],[94.648,25.168],[94.64,25.166],[94.62,25.187],[94.606,25.181],[94.576,25.214],[94.586,25.229],[94.589,25.255],[94.585,25.267],[94.607,25.316],[94.619,25.33],[94.622,25.346],[94.634,25.356],[94.635,25.395],[94.649,25.406],[94.66,25.406],[94.67,25.419],[94.671,25.442],[94.683,25.466],[94.718,25.469],[94.744,25.481],[94.752,25.494],[94.762,25.482],[94.784,25.481],[94.789,25.49],[94.808,25.494],[94.812,25.512],[94.825,25.524],[94.825,25.542],[94.846,25.561],[94.898,25.566],[94.881,25.585],[94.882,25.591],[94.915,25.607],[94.923,25.645],[94.935,25.667],[94.97,25.689],[95.003,25.729],[95.023,25.731],[95.04,25.742],[95.049,25.76],[95.044,25.774],[95.05,25.801],[95.033,25.814],[95.029,25.84],[95.009,25.867],[95.01,25.875],[95.019,25.881],[95.012,25.898],[95.028,25.914],[95.031,25.931],[95.044,25.927],[95.058,25.941],[95.073,25.942],[95.089,25.951],[95.113,25.974],[95.117,25.985],[95.126,25.986],[95.145,26.015],[95.159,26.025],[95.164,26.049],[95.186,26.073],[95.165,26.093],[95.151,26.087],[95.142,26.095],[95.118,26.101],[95.116,26.113],[95.126,26.129],[95.119,26.141],[95.124,26.145],[95.117,26.159],[95.127,26.178],[95.122,26.185],[95.143,26.212],[95.114,26.233],[95.127,26.254],[95.119,26.265],[95.128,26.293],[95.122,26.307],[95.123,26.331],[95.128,26.34],[95.121,26.35],[95.132,26.378],[95.125,26.388],[95.12,26.387],[95.107,26.396],[95.1,26.394],[95.096,26.401],[95.104,26.421],[95.084,26.447],[95.073,26.448],[95.066,26.442],[95.062,26.45],[95.073,26.473],[95.096,26.493],[95.1,26.506],[95.114,26.518],[95.113,26.535],[95.107,26.541],[95.125,26.558],[95.139,26.556],[95.141,26.567],[95.154,26.583],[95.147,26.593],[95.149,26.616],[95.163,26.622],[95.167,26.634],[95.181,26.643],[95.193,26.641],[95.208,26.648],[95.234,26.682],[95.249,26.684],[95.257,26.676],[95.26,26.655],[95.274,26.659],[95.303,26.651],[95.314,26.663],[95.326,26.665],[95.335,26.674],[95.36,26.671],[95.374,26.684],[95.394,26.685],[95.403,26.694],[95.418,26.693],[95.431,26.7],[95.432,26.715],[95.459,26.743],[95.474,26.74],[95.482,26.746],[95.505,26.792],[95.506,26.808],[95.522,26.814],[95.525,26.823],[95.543,26.835],[95.557,26.833],[95.57,26.816],[95.608,26.813],[95.627,26.843],[95.626,26.862],[95.634,26.868],[95.632,26.874],[95.644,26.876],[95.646,26.884],[95.667,26.903],[95.694,26.892],[95.706,26.881],[95.723,26.881],[95.735,26.894],[95.745,26.896],[95.751,26.909],[95.748,26.926],[95.76,26.937],[95.755,26.954],[95.768,26.977],[95.781,26.978],[95.783,26.99],[95.796,26.998],[95.802,27.015],[95.831,27.007],[95.843,27.014],[95.87,27.013],[95.879,27.023],[95.894,27.026],[95.904,27.039],[95.91,27.037],[95.946,27.051],[95.967,27.098],[96.01,27.142],[96.023,27.18],[96.064,27.206],[96.077,27.208],[96.09,27.223],[96.12,27.231],[96.155,27.248],[96.185,27.249],[96.194,27.261],[96.209,27.261],[96.229,27.279],[96.271,27.271],[96.274,27.283],[96.307,27.294],[96.34,27.285],[96.346,27.285],[96.352,27.295],[96.367,27.287],[96.369,27.29],[96.375,27.285],[96.386,27.285],[96.403,27.293],[96.408,27.288],[96.421,27.301],[96.441,27.306],[96.451,27.301],[96.462,27.306],[96.488,27.296],[96.49,27.303],[96.508,27.299],[96.518,27.286],[96.524,27.286],[96.541,27.3],[96.551,27.318],[96.564,27.319],[96.589,27.336],[96.596,27.334],[96.591,27.348],[96.606,27.366],[96.626,27.366],[96.647,27.359],[96.66,27.364],[96.672,27.358],[96.676,27.361],[96.698,27.358],[96.704,27.372],[96.751,27.353],[96.767,27.357],[96.797,27.346],[96.822,27.309],[96.848,27.29],[96.847,27.272],[96.863,27.26],[96.884,27.26],[96.888,27.248],[96.881,27.24],[96.888,27.236],[96.886,27.227],[96.855,27.211],[96.857,27.192],[96.868,27.185],[96.901,27.169],[96.931,27.162],[96.956,27.164],[96.984,27.154],[96.993,27.14],[97.009,27.14],[97.031,27.131],[97.036,27.124],[97.034,27.118],[97.062,27.099],[97.063,27.092],[97.071,27.09],[97.077,27.099],[97.097,27.097],[97.095,27.104],[97.1,27.109],[97.119,27.104],[97.125,27.096],[97.138,27.091],[97.15,27.118],[97.162,27.123],[97.164,27.142],[97.151,27.149],[97.147,27.165],[97.136,27.165],[97.125,27.175],[97.122,27.19],[97.09,27.214],[97.088,27.239],[97.055,27.265],[97.055,27.275],[97.041,27.282],[97.028,27.308],[97.024,27.306],[97.015,27.313],[97.009,27.311],[96.998,27.319],[96.99,27.344],[96.981,27.346],[96.979,27.356],[96.962,27.373],[96.968,27.381],[96.96,27.395],[96.962,27.402],[96.935,27.415],[96.932,27.431],[96.903,27.453],[96.91,27.487],[96.926,27.508],[96.935,27.508],[96.928,27.512],[96.927,27.527],[96.92,27.537],[96.907,27.544],[96.908,27.579],[96.89,27.579],[96.89,27.606],[96.893,27.616],[96.904,27.614],[96.913,27.629],[96.921,27.633],[96.935,27.662],[96.983,27.666],[96.985,27.686],[97.008,27.71],[97.019,27.74],[97.031,27.743],[97.032,27.749],[97.04,27.748],[97.048,27.739],[97.062,27.749],[97.072,27.739],[97.088,27.734],[97.098,27.751],[97.092,27.755],[97.097,27.766],[97.11,27.776],[97.113,27.785],[97.121,27.785],[97.14,27.806],[97.149,27.805],[97.165,27.815],[97.165,27.828],[97.185,27.832],[97.182,27.841],[97.226,27.874],[97.247,27.9],[97.298,27.916],[97.307,27.913],[97.308,27.904],[97.321,27.894],[97.319,27.889],[97.343,27.886],[97.36,27.873],[97.379,27.892],[97.367,27.937],[97.377,27.95],[97.363,27.965],[97.368,27.977],[97.384,27.986],[97.385,28],[97.395,28.012],[97.386,28.021],[97.378,28.023],[97.354,28.067],[97.338,28.058],[97.312,28.062],[97.327,28.084],[97.324,28.103],[97.332,28.106],[97.323,28.113],[97.324,28.126],[97.329,28.127],[97.325,28.138],[97.337,28.143],[97.34,28.151],[97.346,28.15],[97.359,28.163],[97.354,28.177],[97.361,28.203],[97.347,28.207],[97.345,28.215],[97.327,28.215],[97.298,28.23],[97.298,28.233],[97.284,28.231],[97.281,28.246],[97.27,28.245],[97.264,28.265],[97.243,28.266],[97.235,28.285],[97.237,28.294],[97.214,28.305],[97.204,28.304],[97.178,28.334],[97.167,28.329],[97.153,28.338],[97.148,28.351],[97.137,28.352],[97.126,28.362],[97.078,28.371],[97.053,28.358],[97.025,28.33],[97.001,28.325],[96.973,28.331],[96.954,28.346],[96.925,28.353],[96.922,28.364],[96.888,28.387],[96.884,28.403],[96.893,28.418],[96.862,28.453],[96.861,28.483],[96.821,28.505],[96.801,28.504],[96.76,28.519],[96.751,28.542],[96.762,28.553],[96.752,28.56],[96.75,28.569],[96.722,28.579],[96.719,28.606],[96.712,28.611],[96.704,28.598],[96.687,28.59],[96.666,28.6],[96.648,28.619],[96.633,28.623],[96.614,28.62],[96.591,28.598],[96.561,28.583],[96.551,28.562],[96.519,28.557],[96.493,28.542],[96.497,28.529],[96.508,28.52],[96.506,28.503],[96.498,28.495],[96.506,28.488],[96.504,28.478],[96.512,28.453],[96.498,28.429],[96.492,28.431],[96.49,28.461],[96.474,28.496],[96.461,28.493],[96.456,28.486],[96.431,28.511],[96.424,28.511],[96.411,28.503],[96.406,28.506],[96.409,28.524],[96.439,28.518],[96.466,28.523],[96.462,28.545],[96.482,28.559],[96.475,28.573],[96.49,28.584],[96.514,28.582],[96.518,28.594],[96.51,28.61],[96.528,28.62],[96.526,28.643],[96.544,28.651],[96.546,28.664],[96.537,28.678],[96.545,28.687],[96.556,28.686],[96.563,28.698],[96.576,28.69],[96.577,28.683],[96.593,28.683],[96.603,28.673],[96.623,28.674],[96.641,28.679],[96.647,28.691],[96.63,28.701],[96.632,28.734],[96.615,28.741],[96.603,28.759],[96.603,28.781],[96.58,28.779],[96.573,28.784],[96.577,28.803],[96.589,28.819],[96.572,28.823],[96.557,28.835],[96.55,28.85],[96.539,28.849],[96.531,28.86],[96.523,28.862],[96.527,28.881],[96.52,28.888],[96.517,28.908],[96.529,28.917],[96.522,28.939],[96.503,28.949],[96.467,28.933],[96.448,28.94],[96.436,28.971],[96.444,28.995],[96.414,29.024],[96.391,29.034],[96.379,29.033],[96.364,29.042],[96.366,29.081],[96.351,29.081],[96.33,29.113],[96.318,29.117],[96.308,29.115],[96.299,29.099],[96.274,29.098],[96.257,29.083],[96.244,29.087],[96.237,29.067],[96.229,29.056],[96.212,29.048],[96.207,29.033],[96.187,29.037],[96.185,29.046],[96.215,29.069],[96.2,29.099],[96.213,29.114],[96.249,29.112],[96.286,29.13],[96.298,29.149],[96.305,29.185],[96.303,29.193],[96.284,29.203],[96.287,29.209],[96.26,29.217],[96.265,29.222],[96.26,29.233],[96.264,29.246],[96.225,29.256],[96.215,29.266],[96.195,29.266],[96.17,29.295],[96.152,29.296],[96.149,29.311],[96.143,29.314],[96.145,29.334],[96.132,29.348],[96.062,29.374],[96.054,29.383],[96.017,29.363],[95.995,29.369],[95.981,29.362],[95.966,29.376],[95.955,29.367],[95.942,29.366],[95.939,29.349],[95.893,29.331],[95.877,29.315],[95.841,29.321],[95.839,29.353],[95.812,29.348],[95.777,29.323],[95.757,29.323],[95.737,29.298],[95.748,29.288],[95.752,29.276],[95.73,29.24],[95.734,29.23],[95.743,29.226],[95.709,29.204],[95.703,29.205],[95.706,29.213],[95.698,29.225],[95.664,29.224],[95.648,29.21],[95.638,29.216],[95.636,29.223],[95.606,29.236],[95.596,29.224],[95.595,29.207],[95.603,29.196],[95.596,29.188],[95.574,29.18],[95.549,29.197],[95.532,29.195],[95.529,29.189],[95.508,29.195],[95.502,29.192],[95.5,29.182],[95.514,29.164],[95.515,29.143],[95.51,29.126],[95.504,29.126],[95.481,29.141],[95.468,29.135],[95.458,29.137],[95.449,29.161],[95.455,29.165],[95.454,29.176],[95.434,29.193],[95.419,29.181],[95.415,29.148],[95.409,29.144],[95.413,29.126],[95.397,29.125],[95.392,29.134],[95.379,29.137],[95.299,29.136],[95.278,29.116],[95.283,29.11],[95.272,29.103],[95.271,29.073],[95.263,29.068],[95.259,29.08],[95.237,29.086],[95.23,29.104],[95.212,29.108],[95.193,29.102],[95.179,29.104],[95.159,29.099],[95.15,29.09],[95.136,29.088],[95.13,29.098],[95.104,29.096],[95.101,29.101],[95.119,29.112],[95.101,29.128],[95.097,29.142],[95.066,29.147],[95.055,29.153],[95.042,29.151],[94.995,29.174],[94.987,29.173],[95.011,29.152],[95.022,29.127],[95,29.132],[94.992,29.146],[94.965,29.159],[94.918,29.157],[94.9,29.174],[94.884,29.179],[94.848,29.183],[94.807,29.165],[94.797,29.186],[94.804,29.208],[94.794,29.218],[94.771,29.218],[94.752,29.23],[94.745,29.243],[94.748,29.256],[94.736,29.276],[94.735,29.287],[94.716,29.292],[94.692,29.318],[94.666,29.305],[94.656,29.306],[94.644,29.297],[94.626,29.296],[94.619,29.284],[94.591,29.272],[94.572,29.256],[94.568,29.241],[94.541,29.22],[94.511,29.231],[94.492,29.208],[94.457,29.213],[94.448,29.183],[94.429,29.187],[94.417,29.179],[94.391,29.184],[94.385,29.16],[94.379,29.154],[94.346,29.152],[94.318,29.156],[94.293,29.152],[94.295,29.135],[94.29,29.121],[94.276,29.113],[94.277,29.094],[94.285,29.086],[94.316,29.076],[94.313,29.066],[94.324,29.055],[94.328,29.041],[94.36,29.034],[94.366,29.026],[94.342,29.002],[94.322,28.993],[94.309,28.994],[94.303,28.985],[94.274,28.968],[94.275,28.952],[94.258,28.93],[94.231,28.928],[94.179,28.936],[94.166,28.924],[94.175,28.912],[94.136,28.89],[94.079,28.883],[94.059,28.875],[94.058,28.859],[94.033,28.856],[94.023,28.845],[94.018,28.823],[94.02,28.793],[93.995,28.791],[93.988,28.795],[93.987,28.808],[93.975,28.821],[93.948,28.803],[93.939,28.789],[93.912,28.773],[93.919,28.746],[93.915,28.741],[93.91,28.74],[93.897,28.757],[93.86,28.742],[93.841,28.749],[93.804,28.736],[93.79,28.737],[93.784,28.713],[93.755,28.699],[93.712,28.665],[93.706,28.665],[93.689,28.678],[93.657,28.667],[93.637,28.655],[93.623,28.685],[93.572,28.675],[93.522,28.674],[93.511,28.667],[93.48,28.674],[93.426,28.662],[93.371,28.6],[93.312,28.578],[93.251,28.545],[93.202,28.495],[93.192,28.494],[93.189,28.482],[93.181,28.477],[93.168,28.455],[93.167,28.414],[93.163,28.401],[93.146,28.38],[93.149,28.367],[93.077,28.325],[93.06,28.305],[93.051,28.311],[93.025,28.298],[93.002,28.294],[92.991,28.273],[92.947,28.262],[92.932,28.249],[92.928,28.226],[92.936,28.217],[92.922,28.201],[92.883,28.202],[92.867,28.19],[92.833,28.175],[92.784,28.187],[92.771,28.178],[92.774,28.169],[92.763,28.161],[92.749,28.162],[92.739,28.154],[92.717,28.168],[92.692,28.15],[92.677,28.151],[92.656,28.08],[92.668,28.068],[92.702,28.068],[92.732,28.054],[92.736,28.038],[92.721,27.999],[92.724,27.99],[92.732,27.986],[92.73,27.978],[92.677,27.949],[92.646,27.913],[92.627,27.91],[92.607,27.917],[92.595,27.91],[92.58,27.882],[92.57,27.882],[92.545,27.867],[92.533,27.866],[92.527,27.854],[92.512,27.847],[92.5,27.851],[92.478,27.834],[92.456,27.793],[92.438,27.804],[92.427,27.803],[92.424,27.835],[92.408,27.821],[92.395,27.82],[92.365,27.805],[92.355,27.805],[92.338,27.796],[92.319,27.797],[92.316,27.817],[92.297,27.833],[92.303,27.853],[92.293,27.872],[92.266,27.887],[92.256,27.88],[92.244,27.888],[92.213,27.873],[92.213,27.863],[92.193,27.857],[92.187,27.847],[92.174,27.847],[92.164,27.831],[92.143,27.835],[92.111,27.803],[92.063,27.79],[92.057,27.78],[92.017,27.777],[92.003,27.784],[91.983,27.777],[91.965,27.739],[91.953,27.737],[91.924,27.717],[91.903,27.729],[91.889,27.722],[91.874,27.722],[91.848,27.761],[91.643,27.761],[91.635,27.746],[91.638,27.73],[91.627,27.716],[91.629,27.7],[91.607,27.69],[91.596,27.68],[91.595,27.671],[91.573,27.661],[91.562,27.631],[91.584,27.608],[91.566,27.584],[91.581,27.569],[91.582,27.557],[91.594,27.542],[91.612,27.544],[91.624,27.513],[91.647,27.501],[91.652,27.483],[91.682,27.494],[91.695,27.506],[91.707,27.498],[91.718,27.498],[91.709,27.477],[91.73,27.469],[91.751,27.475],[91.765,27.474],[91.767,27.465],[91.806,27.476],[91.828,27.468],[91.849,27.487],[91.856,27.482],[91.862,27.485],[91.873,27.47],[91.883,27.475],[91.9,27.471],[91.923,27.474],[91.943,27.46],[91.961,27.46],[91.972,27.467],[91.979,27.463],[91.989,27.467],[91.995,27.479],[92.007,27.476],[92.017,27.481],[92.022,27.447],[92.027,27.441],[92.042,27.436],[92.044,27.427],[92.037,27.418],[92.056,27.4],[92.048,27.362],[92.063,27.342],[92.065,27.327],[92.088,27.305],[92.104,27.301],[92.123,27.287],[92.12,27.271],[92.087,27.269],[92.074,27.279],[92.047,27.269],[92.038,27.258],[92.039,27.255],[92.059,27.252],[92.072,27.235],[92.057,27.188],[92.036,27.18],[92.027,27.169],[92.036,27.137],[92.023,27.11],[92.03,27.1],[92.031,27.08],[92.045,27.052],[92.082,27.041],[92.078,27.018],[92.103,27.004],[92.105,26.98],[92.12,26.972],[92.121,26.961],[92.113,26.951],[92.119,26.942],[92.117,26.899],[92.101,26.881],[92.103,26.867],[92.056,26.847],[91.983,26.86],[91.964,26.884],[91.892,26.921],[91.859,26.913],[91.824,26.865],[91.721,26.812],[91.704,26.813],[91.69,26.807],[91.625,26.821],[91.592,26.805],[91.495,26.792],[91.464,26.803],[91.408,26.84],[91.375,26.795],[91.336,26.78],[91.296,26.787],[91.277,26.8],[91.236,26.812],[91.188,26.816],[91.145,26.811],[91.097,26.822],[91.053,26.783],[90.992,26.795],[90.952,26.779],[90.952,26.785],[90.742,26.776],[90.717,26.77],[90.694,26.772],[90.676,26.785],[90.646,26.778],[90.634,26.794],[90.546,26.817],[90.417,26.905],[90.356,26.901],[90.346,26.874],[90.3,26.848],[90.23,26.859],[90.201,26.836],[90.188,26.807],[90.194,26.774],[90.14,26.754],[90.046,26.73],[90.008,26.732],[89.967,26.724],[89.897,26.725],[89.862,26.738],[89.858,26.735],[89.865,26.734],[89.866,26.728],[89.859,26.718],[89.861,26.702],[89.806,26.711],[89.775,26.702],[89.76,26.719],[89.755,26.734],[89.724,26.723],[89.7,26.738],[89.69,26.733],[89.671,26.74],[89.658,26.719],[89.65,26.717],[89.635,26.726],[89.626,26.723],[89.617,26.729],[89.626,26.742],[89.643,26.749],[89.643,26.76],[89.653,26.767],[89.65,26.777],[89.631,26.783],[89.621,26.778],[89.615,26.787],[89.566,26.799],[89.557,26.813],[89.549,26.81],[89.533,26.815],[89.514,26.814],[89.497,26.803],[89.47,26.803],[89.45,26.818],[89.45,26.831],[89.439,26.841],[89.423,26.836],[89.39,26.842],[89.379,26.862],[89.327,26.843],[89.319,26.852],[89.279,26.827],[89.275,26.829],[89.263,26.814],[89.228,26.818],[89.194,26.811],[89.176,26.819],[89.134,26.807],[89.101,26.844],[89.107,26.86],[89.093,26.873],[89.096,26.892],[89.07,26.904],[89.049,26.899],[89.051,26.916],[89.03,26.923],[89.021,26.941],[88.979,26.918],[88.945,26.933],[88.954,26.948],[88.952,26.968],[88.921,26.994],[88.911,26.988],[88.875,26.943],[88.871,26.962],[88.874,26.986],[88.869,26.994],[88.88,27.037],[88.876,27.045],[88.881,27.062],[88.875,27.071],[88.872,27.109],[88.842,27.111],[88.812,27.127],[88.802,27.139],[88.782,27.135],[88.746,27.142],[88.76,27.153],[88.757,27.165],[88.765,27.178],[88.789,27.185],[88.803,27.219],[88.802,27.249],[88.827,27.257],[88.832,27.263],[88.865,27.265],[88.879,27.261],[88.904,27.273],[88.915,27.291],[88.909,27.304],[88.921,27.327],[88.895,27.333],[88.883,27.346],[88.881,27.361],[88.863,27.37],[88.861,27.386],[88.838,27.38],[88.831,27.39],[88.822,27.394],[88.821,27.405],[88.807,27.405],[88.808,27.423],[88.801,27.423],[88.795,27.429],[88.793,27.447],[88.783,27.453],[88.777,27.469],[88.783,27.475],[88.783,27.5],[88.794,27.527],[88.791,27.532],[88.777,27.533],[88.773,27.555],[88.763,27.566],[88.792,27.574],[88.788,27.586],[88.805,27.595],[88.809,27.603],[88.811,27.619],[88.804,27.624],[88.815,27.647],[88.822,27.644],[88.832,27.647],[88.848,27.668],[88.842,27.683],[88.848,27.696],[88.839,27.705],[88.841,27.712],[88.857,27.717],[88.859,27.738],[88.867,27.743],[88.862,27.754],[88.857,27.753],[88.854,27.765],[88.861,27.802],[88.857,27.816],[88.88,27.83],[88.882,27.852],[88.888,27.856],[88.878,27.875],[88.881,27.892],[88.871,27.901],[88.868,27.92],[88.861,27.927],[88.836,27.928],[88.844,27.989],[88.836,28.015],[88.804,28.03],[88.793,28.049],[88.778,28.054],[88.755,28.08],[88.73,28.073],[88.69,28.079],[88.68,28.072],[88.671,28.074],[88.665,28.088],[88.648,28.1],[88.636,28.118],[88.612,28.111],[88.602,28.09],[88.583,28.084],[88.568,28.091],[88.554,28.082],[88.554,28.039],[88.546,28.034],[88.525,28.035],[88.52,28.043],[88.511,28.042],[88.495,28.055],[88.475,28.036],[88.468,28.017],[88.417,28],[88.414,27.981],[88.39,27.977],[88.377,27.989],[88.34,27.986],[88.332,27.976],[88.316,27.978],[88.304,27.965],[88.284,27.965],[88.279,27.955],[88.265,27.957],[88.26,27.946],[88.251,27.942],[88.238,27.97],[88.224,27.961],[88.209,27.962],[88.207,27.941],[88.187,27.943],[88.163,27.959],[88.142,27.965],[88.13,27.95],[88.137,27.937],[88.118,27.917],[88.139,27.891],[88.136,27.882],[88.139,27.878],[88.165,27.868],[88.178,27.857],[88.196,27.854],[88.201,27.837],[88.192,27.834],[88.188,27.826],[88.173,27.821],[88.197,27.791],[88.181,27.776],[88.178,27.747],[88.158,27.74],[88.156,27.735],[88.156,27.718],[88.147,27.703],[88.154,27.692],[88.144,27.664],[88.12,27.645],[88.113,27.61],[88.083,27.587],[88.075,27.572],[88.08,27.563],[88.069,27.555],[88.069,27.546],[88.059,27.535],[88.067,27.526],[88.057,27.521],[88.061,27.512],[88.044,27.496],[88.044,27.478],[88.067,27.458],[88.064,27.454],[88.073,27.446],[88.068,27.439],[88.075,27.432],[88.074,27.426],[88.051,27.413],[88.042,27.372],[88.058,27.356],[88.067,27.336],[88.053,27.325],[88.041,27.304],[88.045,27.294],[88.032,27.286],[88.031,27.252],[88.012,27.216],[88.016,27.196],[88.012,27.178],[88.019,27.171],[88.011,27.166],[88.007,27.143],[87.991,27.131],[87.987,27.119],[87.991,27.106],[88.003,27.105],[88.021,27.088],[88.016,27.074],[88.037,27.037],[88.06,27.029],[88.078,27.035],[88.092,27.005],[88.099,27.004],[88.115,26.989],[88.135,26.985],[88.123,26.969],[88.12,26.95],[88.146,26.921],[88.136,26.899],[88.157,26.885],[88.174,26.865],[88.175,26.853],[88.168,26.85],[88.167,26.838],[88.174,26.834],[88.188,26.772],[88.186,26.738],[88.182,26.72],[88.167,26.7],[88.16,26.637],[88.142,26.626],[88.139,26.607],[88.13,26.601],[88.13,26.574],[88.124,26.578],[88.123,26.573],[88.118,26.575],[88.119,26.569],[88.112,26.572],[88.113,26.558],[88.105,26.561],[88.105,26.551],[88.111,26.545],[88.097,26.536],[88.104,26.528],[88.094,26.509],[88.102,26.503],[88.099,26.495],[88.106,26.489],[88.098,26.481],[88.106,26.469],[88.101,26.463],[88.088,26.462],[88.098,26.451],[88.091,26.426],[88.031,26.389],[88.031,26.382],[88.027,26.383],[88.03,26.365],[88.008,26.361],[87.991,26.37],[87.992,26.393],[87.966,26.397],[87.927,26.418],[87.926,26.428],[87.916,26.432],[87.925,26.439],[87.924,26.446],[87.899,26.449],[87.91,26.458],[87.9,26.477],[87.888,26.487],[87.886,26.477],[87.858,26.464],[87.861,26.449],[87.851,26.445],[87.849,26.437],[87.828,26.44],[87.83,26.45],[87.793,26.469],[87.787,26.467],[87.789,26.462],[87.783,26.454],[87.776,26.453],[87.779,26.45],[87.772,26.45],[87.777,26.449],[87.779,26.435],[87.77,26.428],[87.777,26.424],[87.767,26.418],[87.767,26.411],[87.754,26.408],[87.748,26.418],[87.739,26.418],[87.734,26.408],[87.723,26.413],[87.723,26.419],[87.712,26.428],[87.698,26.428],[87.692,26.436],[87.677,26.436],[87.678,26.416],[87.65,26.406],[87.652,26.394],[87.612,26.39],[87.605,26.381],[87.587,26.382],[87.583,26.394],[87.553,26.406],[87.548,26.418],[87.516,26.431],[87.466,26.44],[87.428,26.422],[87.388,26.419],[87.376,26.407],[87.369,26.408],[87.356,26.388],[87.353,26.372],[87.358,26.361],[87.341,26.347],[87.312,26.372],[87.301,26.366],[87.289,26.374],[87.266,26.374],[87.266,26.406],[87.26,26.41],[87.229,26.414],[87.219,26.403],[87.213,26.413],[87.186,26.414],[87.189,26.406],[87.162,26.404],[87.139,26.415],[87.091,26.45],[87.073,26.542],[87.072,26.586],[87.045,26.587],[87.042,26.568],[87.015,26.532],[86.991,26.523],[86.979,26.525],[86.975,26.52],[86.961,26.524],[86.933,26.517],[86.93,26.49],[86.891,26.486],[86.894,26.462],[86.873,26.454],[86.861,26.458],[86.856,26.449],[86.845,26.448],[86.847,26.442],[86.834,26.439],[86.766,26.459],[86.765,26.451],[86.753,26.448],[86.754,26.442],[86.744,26.436],[86.747,26.429],[86.731,26.423],[86.72,26.435],[86.7,26.437],[86.694,26.451],[86.637,26.466],[86.634,26.464],[86.631,26.469],[86.626,26.468],[86.629,26.478],[86.615,26.487],[86.57,26.497],[86.542,26.539],[86.523,26.544],[86.515,26.539],[86.498,26.542],[86.456,26.568],[86.395,26.585],[86.398,26.593],[86.339,26.607],[86.345,26.617],[86.333,26.619],[86.308,26.62],[86.293,26.613],[86.253,26.617],[86.235,26.598],[86.234,26.591],[86.217,26.589],[86.206,26.597],[86.196,26.594],[86.192,26.615],[86.172,26.617],[86.136,26.606],[86.141,26.617],[86.139,26.629],[86.119,26.63],[86.074,26.65],[86.069,26.658],[86.027,26.667],[86.012,26.66],[86.01,26.654],[85.975,26.658],[85.967,26.651],[85.959,26.651],[85.953,26.643],[85.956,26.63],[85.945,26.621],[85.947,26.613],[85.928,26.617],[85.927,26.61],[85.913,26.609],[85.913,26.604],[85.9,26.6],[85.9,26.594],[85.891,26.594],[85.888,26.583],[85.879,26.584],[85.852,26.568],[85.848,26.577],[85.858,26.59],[85.851,26.609],[85.831,26.611],[85.83,26.602],[85.818,26.603],[85.803,26.615],[85.802,26.624],[85.77,26.63],[85.734,26.651],[85.737,26.664],[85.724,26.674],[85.726,26.721],[85.734,26.737],[85.729,26.75],[85.734,26.796],[85.729,26.808],[85.704,26.832],[85.642,26.853],[85.634,26.872],[85.624,26.874],[85.606,26.857],[85.586,26.847],[85.586,26.856],[85.575,26.861],[85.566,26.841],[85.558,26.844],[85.553,26.835],[85.543,26.838],[85.52,26.814],[85.507,26.817],[85.498,26.812],[85.495,26.797],[85.479,26.802],[85.478,26.793],[85.459,26.782],[85.432,26.79],[85.426,26.786],[85.408,26.791],[85.397,26.778],[85.384,26.774],[85.375,26.761],[85.355,26.76],[85.334,26.742],[85.307,26.752],[85.261,26.755],[85.24,26.762],[85.212,26.758],[85.197,26.77],[85.193,26.791],[85.18,26.796],[85.177,26.81],[85.191,26.831],[85.191,26.87],[85.14,26.871],[85.135,26.868],[85.111,26.872],[85.087,26.867],[85.087,26.853],[85.077,26.859],[85.064,26.85],[85.063,26.858],[85.058,26.856],[85.057,26.849],[85.024,26.854],[85.033,26.86],[85.027,26.862],[85.033,26.867],[85.025,26.873],[85.049,26.878],[85.053,26.889],[85.005,26.895],[84.993,26.903],[84.996,26.907],[85.002,26.903],[85,26.912],[84.969,26.916],[84.97,26.929],[84.976,26.932],[84.978,26.941],[84.963,26.961],[84.929,26.969],[84.91,26.968],[84.896,26.973],[84.892,26.97],[84.889,26.977],[84.858,26.99],[84.856,26.987],[84.857,26.999],[84.85,26.998],[84.854,27.008],[84.825,27.021],[84.809,27.018],[84.808,27.008],[84.8,27.001],[84.797,27.004],[84.793,26.996],[84.786,26.999],[84.789,27.01],[84.784,27.007],[84.783,27.014],[84.773,27.018],[84.757,27.003],[84.643,27.046],[84.646,27.076],[84.67,27.091],[84.664,27.095],[84.675,27.097],[84.674,27.107],[84.669,27.108],[84.677,27.115],[84.683,27.155],[84.676,27.162],[84.68,27.166],[84.675,27.171],[84.685,27.182],[84.68,27.188],[84.681,27.201],[84.687,27.209],[84.685,27.22],[84.689,27.221],[84.622,27.337],[84.607,27.336],[84.477,27.362],[84.469,27.355],[84.445,27.364],[84.441,27.371],[84.392,27.368],[84.373,27.377],[84.367,27.374],[84.333,27.378],[84.3,27.391],[84.292,27.385],[84.284,27.395],[84.276,27.396],[84.278,27.416],[84.272,27.429],[84.259,27.439],[84.254,27.454],[84.231,27.456],[84.221,27.448],[84.22,27.441],[84.208,27.442],[84.206,27.47],[84.186,27.471],[84.163,27.484],[84.149,27.486],[84.144,27.497],[84.15,27.501],[84.151,27.517],[84.139,27.518],[84.124,27.511],[84.108,27.522],[84.098,27.517],[84.1,27.499],[84.095,27.49],[84.07,27.481],[84.069,27.469],[84.062,27.467],[84.061,27.457],[84.052,27.443],[84.032,27.442],[84.024,27.433],[84.005,27.443],[83.998,27.441],[83.996,27.446],[83.978,27.439],[83.968,27.447],[83.946,27.442],[83.934,27.45],[83.885,27.433],[83.847,27.445],[83.833,27.426],[83.884,27.377],[83.882,27.367],[83.864,27.346],[83.831,27.37],[83.614,27.469],[83.388,27.48],[83.393,27.476],[83.388,27.471],[83.402,27.466],[83.402,27.457],[83.397,27.447],[83.384,27.443],[83.384,27.436],[83.409,27.413],[83.403,27.401],[83.385,27.39],[83.388,27.375],[83.374,27.37],[83.374,27.357],[83.358,27.351],[83.359,27.343],[83.337,27.333],[83.318,27.337],[83.317,27.33],[83.294,27.333],[83.272,27.353],[83.265,27.365],[83.272,27.383],[83.219,27.416],[83.188,27.454],[83.166,27.458],[83.035,27.449],[82.954,27.468],[82.929,27.501],[82.866,27.499],[82.833,27.502],[82.801,27.496],[82.736,27.502],[82.737,27.518],[82.743,27.517],[82.742,27.521],[82.75,27.523],[82.747,27.531],[82.742,27.532],[82.738,27.552],[82.749,27.556],[82.742,27.561],[82.758,27.586],[82.755,27.594],[82.745,27.595],[82.749,27.601],[82.735,27.611],[82.738,27.615],[82.732,27.618],[82.74,27.625],[82.733,27.63],[82.74,27.632],[82.731,27.632],[82.738,27.637],[82.736,27.646],[82.73,27.643],[82.732,27.654],[82.728,27.651],[82.725,27.659],[82.72,27.655],[82.722,27.662],[82.712,27.663],[82.718,27.667],[82.713,27.669],[82.714,27.678],[82.719,27.679],[82.718,27.689],[82.704,27.704],[82.708,27.723],[82.705,27.717],[82.699,27.722],[82.681,27.714],[82.666,27.716],[82.664,27.723],[82.655,27.713],[82.627,27.711],[82.619,27.702],[82.605,27.706],[82.594,27.697],[82.585,27.699],[82.541,27.686],[82.517,27.691],[82.49,27.681],[82.482,27.683],[82.473,27.676],[82.449,27.679],[82.402,27.704],[82.368,27.742],[82.303,27.773],[82.253,27.81],[82.23,27.821],[82.209,27.843],[82.154,27.867],[82.15,27.858],[82.121,27.866],[82.114,27.877],[82.091,27.895],[82.07,27.924],[81.968,27.929],[81.925,27.876],[81.926,27.86],[81.9,27.854],[81.885,27.857],[81.833,27.898],[81.821,27.904],[81.805,27.903],[81.698,27.988],[81.644,27.994],[81.625,28.001],[81.618,28.01],[81.547,28.049],[81.478,28.083],[81.484,28.119],[81.45,28.141],[81.447,28.161],[81.417,28.174],[81.375,28.177],[81.367,28.165],[81.378,28.156],[81.371,28.143],[81.334,28.14],[81.318,28.134],[81.318,28.145],[81.328,28.148],[81.32,28.16],[81.311,28.156],[81.302,28.166],[81.322,28.17],[81.321,28.197],[81.286,28.229],[81.233,28.289],[81.234,28.325],[81.211,28.361],[81.08,28.385],[81.047,28.41],[81.036,28.414],[81.034,28.397],[81.017,28.416],[81.034,28.428],[81.029,28.439],[81.019,28.432],[81.013,28.438],[81.018,28.452],[81,28.454],[80.989,28.441],[80.978,28.442],[80.979,28.434],[80.965,28.438],[80.965,28.445],[80.98,28.455],[80.967,28.457],[80.964,28.45],[80.952,28.448],[80.951,28.456],[80.932,28.459],[80.945,28.466],[80.943,28.469],[80.931,28.458],[80.917,28.46],[80.914,28.468],[80.916,28.458],[80.906,28.466],[80.903,28.478],[80.902,28.486],[80.909,28.498],[80.896,28.507],[80.876,28.511],[80.862,28.504],[80.866,28.49],[80.856,28.498],[80.845,28.496],[80.815,28.521],[80.789,28.525],[80.784,28.529],[80.789,28.544],[80.769,28.55],[80.768,28.566],[80.738,28.575],[80.739,28.566],[80.724,28.575],[80.715,28.568],[80.69,28.588],[80.696,28.603],[80.678,28.604],[80.68,28.621],[80.671,28.628],[80.668,28.642],[80.651,28.634],[80.642,28.643],[80.633,28.637],[80.612,28.639],[80.606,28.652],[80.59,28.648],[80.598,28.656],[80.58,28.661],[80.59,28.68],[80.569,28.688],[80.54,28.691],[80.506,28.671],[80.504,28.665],[80.522,28.577],[80.531,28.572],[80.523,28.553],[80.517,28.552],[80.507,28.569],[80.498,28.569],[80.48,28.588],[80.468,28.583],[80.472,28.592],[80.46,28.614],[80.464,28.615],[80.451,28.629],[80.416,28.64],[80.377,28.629],[80.361,28.635],[80.357,28.641],[80.361,28.646],[80.326,28.666],[80.316,28.701],[80.293,28.711],[80.279,28.709],[80.256,28.729],[80.265,28.742],[80.254,28.756],[80.235,28.759],[80.216,28.756],[80.171,28.782],[80.118,28.829],[80.075,28.824],[80.065,28.838],[80.058,28.917],[80.1,28.987],[80.118,28.982],[80.127,29.006],[80.135,29.007],[80.125,29.013],[80.136,29.059],[80.128,29.061],[80.145,29.104],[80.165,29.117],[80.168,29.126],[80.178,29.128],[80.183,29.137],[80.203,29.129],[80.21,29.122],[80.233,29.119],[80.254,29.138],[80.272,29.142],[80.258,29.166],[80.258,29.187],[80.241,29.203],[80.248,29.221],[80.256,29.22],[80.261,29.207],[80.275,29.207],[80.287,29.195],[80.297,29.205],[80.291,29.232],[80.3,29.242],[80.304,29.285],[80.318,29.302],[80.317,29.315],[80.308,29.323],[80.296,29.324],[80.28,29.346],[80.279,29.36],[80.271,29.365],[80.271,29.374],[80.279,29.379],[80.273,29.386],[80.275,29.393],[80.242,29.412],[80.247,29.435],[80.243,29.444],[80.258,29.452],[80.274,29.45],[80.269,29.455],[80.276,29.459],[80.28,29.451],[80.302,29.453],[80.287,29.477],[80.293,29.479],[80.299,29.491],[80.313,29.485],[80.314,29.499],[80.329,29.505],[80.332,29.513],[80.341,29.51],[80.35,29.519],[80.348,29.524],[80.358,29.533],[80.342,29.54],[80.343,29.553],[80.364,29.557],[80.364,29.564],[80.379,29.561],[80.379,29.572],[80.388,29.572],[80.391,29.582],[80.408,29.596],[80.406,29.613],[80.411,29.625],[80.421,29.63],[80.42,29.639],[80.414,29.644],[80.414,29.654],[80.406,29.66],[80.398,29.659],[80.384,29.675],[80.385,29.685],[80.372,29.715],[80.375,29.72],[80.366,29.725],[80.37,29.735],[80.364,29.74],[80.366,29.748],[80.386,29.751],[80.385,29.759],[80.397,29.759],[80.407,29.795],[80.413,29.792],[80.429,29.798],[80.435,29.806],[80.444,29.799],[80.464,29.802],[80.48,29.796],[80.494,29.796],[80.497,29.812],[80.507,29.823],[80.522,29.827],[80.539,29.847],[80.553,29.851],[80.551,29.857],[80.562,29.867],[80.557,29.871],[80.573,29.895],[80.57,29.909],[80.574,29.924],[80.603,29.959],[80.63,29.965],[80.649,29.956],[80.674,29.957],[80.72,30],[80.738,30],[80.747,30.006],[80.757,30.024],[80.756,30.04],[80.761,30.05],[80.779,30.057],[80.815,30.096],[80.822,30.1],[80.837,30.098],[80.845,30.102],[80.845,30.116],[80.878,30.129],[80.871,30.161],[80.863,30.169],[80.88,30.181],[80.884,30.195],[80.91,30.223],[80.92,30.226],[80.93,30.213],[80.924,30.194],[80.933,30.177],[80.97,30.186],[80.975,30.192],[80.997,30.186],[81.009,30.194],[81.029,30.195],[81.045,30.206],[81.045,30.211],[81.029,30.219],[81.026,30.226],[81.031,30.247],[80.982,30.271],[80.929,30.266],[80.926,30.273],[80.93,30.278],[80.915,30.287],[80.907,30.304],[80.874,30.301],[80.861,30.314],[80.845,30.317],[80.835,30.313],[80.818,30.323],[80.802,30.323],[80.802,30.333],[80.787,30.341],[80.785,30.353],[80.75,30.38],[80.75,30.387],[80.734,30.401],[80.707,30.417],[80.688,30.415],[80.678,30.423],[80.678,30.429],[80.637,30.45],[80.624,30.463],[80.614,30.459],[80.607,30.471],[80.565,30.464],[80.559,30.454],[80.541,30.449],[80.518,30.472],[80.507,30.476],[80.499,30.488],[80.489,30.485],[80.483,30.49],[80.446,30.497],[80.429,30.513],[80.416,30.517],[80.418,30.524],[80.385,30.518],[80.365,30.528],[80.345,30.52],[80.335,30.535],[80.319,30.545],[80.315,30.565],[80.283,30.57],[80.255,30.565],[80.237,30.579],[80.218,30.58],[80.208,30.588],[80.216,30.61],[80.212,30.626],[80.219,30.634],[80.219,30.643],[80.193,30.666],[80.198,30.686],[80.233,30.69],[80.233,30.709],[80.249,30.72],[80.248,30.744],[80.241,30.749],[80.239,30.762],[80.219,30.752],[80.213,30.753],[80.197,30.766],[80.2,30.776],[80.173,30.809],[80.158,30.807],[80.154,30.79],[80.143,30.792],[80.127,30.78],[80.112,30.78],[80.088,30.796],[80.074,30.821],[80.054,30.839],[80.032,30.841],[80.008,30.866],[79.997,30.866],[79.989,30.877],[79.969,30.881],[79.962,30.889],[79.931,30.881],[79.908,30.915],[79.889,30.918],[79.882,30.955],[79.866,30.972],[79.856,30.976],[79.817,30.972],[79.808,30.98],[79.797,30.979],[79.792,30.986],[79.776,30.987],[79.752,31.006],[79.735,30.98],[79.708,30.976],[79.701,30.971],[79.666,30.983],[79.663,30.964],[79.62,30.951],[79.603,30.94],[79.553,30.957],[79.538,30.98],[79.516,30.997],[79.52,31.006],[79.509,31.015],[79.507,31.032],[79.471,31.035],[79.427,31.023],[79.419,31.043],[79.419,31.068],[79.413,31.073],[79.417,31.088],[79.413,31.108],[79.403,31.115],[79.377,31.113],[79.365,31.124],[79.352,31.122],[79.339,31.133],[79.326,31.135],[79.312,31.148],[79.305,31.17],[79.309,31.173],[79.301,31.219],[79.289,31.226],[79.283,31.239],[79.261,31.24],[79.226,31.261],[79.247,31.277],[79.249,31.285],[79.25,31.294],[79.229,31.304],[79.22,31.317],[79.224,31.326],[79.236,31.335],[79.213,31.354],[79.192,31.355],[79.171,31.363],[79.169,31.374],[79.177,31.385],[79.171,31.399],[79.165,31.397],[79.155,31.409],[79.142,31.432],[79.109,31.445],[79.099,31.455],[79.086,31.45],[79.075,31.459],[79.061,31.43],[79.05,31.426],[79.045,31.433],[79.037,31.433],[79.019,31.427],[79.018,31.391],[79.01,31.382],[79.019,31.349],[79,31.342],[78.988,31.348],[78.989,31.356],[78.979,31.364],[78.97,31.357],[78.945,31.366],[78.939,31.346],[78.914,31.311],[78.897,31.303],[78.902,31.294],[78.893,31.287],[78.882,31.287],[78.877,31.302],[78.862,31.315],[78.851,31.309],[78.857,31.3],[78.853,31.294],[78.833,31.294],[78.818,31.299],[78.811,31.307],[78.793,31.304],[78.781,31.31],[78.778,31.32],[78.768,31.326],[78.774,31.333],[78.763,31.341],[78.77,31.349],[78.75,31.366],[78.757,31.373],[78.753,31.385],[78.761,31.4],[78.783,31.429],[78.796,31.438],[78.797,31.444],[78.775,31.454],[78.768,31.473],[78.758,31.483],[78.726,31.484],[78.722,31.512],[78.735,31.536],[78.744,31.542],[78.758,31.542],[78.762,31.549],[78.775,31.544],[78.78,31.556],[78.803,31.566],[78.806,31.577],[78.822,31.579],[78.833,31.598],[78.841,31.597],[78.847,31.607],[78.842,31.622],[78.828,31.625],[78.802,31.648],[78.799,31.682],[78.768,31.675],[78.751,31.68],[78.754,31.695],[78.73,31.733],[78.725,31.758],[78.705,31.774],[78.702,31.808],[78.734,31.831],[78.74,31.842],[78.744,31.855],[78.741,31.86],[78.749,31.875],[78.741,31.885],[78.748,31.891],[78.742,31.902],[78.769,31.931],[78.765,31.959],[78.779,31.967],[78.774,31.974],[78.78,31.994],[78.77,31.997],[78.767,32.004],[78.74,32.001],[78.734,32.005],[78.734,32.013],[78.721,32.03],[78.722,32.04],[78.713,32.047],[78.706,32.064],[78.683,32.08],[78.694,32.095],[78.683,32.115],[78.657,32.116],[78.631,32.126],[78.627,32.138],[78.597,32.158],[78.592,32.167],[78.6,32.174],[78.596,32.198],[78.58,32.204],[78.56,32.202],[78.538,32.237],[78.525,32.247],[78.52,32.262],[78.498,32.276],[78.488,32.276],[78.499,32.295],[78.51,32.303],[78.497,32.325],[78.479,32.325],[78.476,32.332],[78.485,32.359],[78.481,32.366],[78.469,32.365],[78.454,32.386],[78.471,32.397],[78.472,32.442],[78.451,32.461],[78.455,32.471],[78.44,32.48],[78.427,32.497],[78.428,32.505],[78.411,32.523],[78.395,32.53],[78.393,32.539],[78.42,32.569],[78.449,32.574],[78.454,32.581],[78.479,32.576],[78.492,32.585],[78.501,32.584],[78.517,32.604],[78.516,32.615],[78.542,32.612],[78.547,32.619],[78.556,32.617],[78.558,32.622],[78.563,32.616],[78.578,32.613],[78.583,32.604],[78.608,32.601],[78.633,32.605],[78.641,32.611],[78.631,32.635],[78.634,32.645],[78.643,32.644],[78.664,32.658],[78.71,32.668],[78.723,32.674],[78.74,32.696],[78.75,32.687],[78.742,32.655],[78.752,32.641],[78.77,32.63],[78.774,32.619],[78.781,32.616],[78.774,32.585],[78.762,32.579],[78.757,32.567],[78.771,32.539],[78.77,32.525],[78.781,32.516],[78.779,32.479],[78.796,32.475],[78.809,32.438],[78.832,32.428],[78.839,32.413],[78.869,32.414],[78.882,32.398],[78.892,32.401],[78.906,32.389],[78.902,32.381],[78.908,32.373],[78.937,32.359],[78.968,32.336],[78.99,32.371],[79.014,32.381],[79.028,32.38],[79.06,32.387],[79.081,32.379],[79.087,32.372],[79.1,32.371],[79.105,32.375],[79.1,32.395],[79.105,32.407],[79.114,32.418],[79.126,32.422],[79.117,32.438],[79.121,32.448],[79.118,32.454],[79.132,32.469],[79.132,32.481],[79.149,32.477],[79.156,32.495],[79.184,32.498],[79.183,32.511],[79.188,32.516],[79.221,32.51],[79.223,32.525],[79.248,32.517],[79.256,32.536],[79.267,32.539],[79.276,32.556],[79.293,32.54],[79.308,32.551],[79.311,32.56],[79.322,32.559],[79.331,32.565],[79.34,32.554],[79.334,32.543],[79.351,32.529],[79.367,32.532],[79.413,32.52],[79.418,32.53],[79.414,32.541],[79.428,32.54],[79.433,32.544],[79.435,32.551],[79.428,32.561],[79.452,32.593],[79.452,32.604],[79.463,32.606],[79.503,32.644],[79.525,32.652],[79.539,32.671],[79.548,32.677],[79.539,32.683],[79.541,32.703],[79.551,32.705],[79.561,32.714],[79.543,32.73],[79.547,32.749],[79.557,32.759],[79.541,32.764],[79.545,32.773],[79.505,32.784],[79.483,32.799],[79.48,32.812],[79.461,32.833],[79.473,32.85],[79.471,32.879],[79.457,32.879],[79.452,32.889],[79.421,32.895],[79.39,32.917],[79.4,32.942],[79.38,32.946],[79.364,32.938],[79.353,32.955],[79.363,32.963],[79.354,32.977],[79.344,32.98],[79.331,33.001],[79.338,33.002],[79.341,33.02],[79.328,33.034],[79.341,33.057],[79.359,33.061],[79.368,33.085],[79.364,33.106],[79.39,33.139],[79.399,33.14],[79.4,33.149],[79.393,33.156],[79.396,33.169],[79.411,33.171],[79.408,33.189],[79.385,33.202],[79.362,33.197],[79.338,33.204],[79.324,33.19],[79.302,33.191],[79.296,33.203],[79.273,33.213],[79.272,33.221],[79.256,33.215],[79.238,33.233],[79.217,33.238],[79.21,33.213],[79.201,33.21],[79.193,33.219],[79.183,33.22],[79.182,33.212],[79.174,33.21],[79.174,33.204],[79.152,33.182],[79.124,33.203],[79.107,33.2],[79.067,33.232],[79.067,33.238],[79.08,33.245],[79.052,33.262],[79.045,33.261],[79.035,33.273],[79.039,33.286],[79.032,33.294],[79.038,33.305],[79.029,33.308],[79.027,33.32],[79.004,33.327],[78.982,33.327],[78.977,33.334],[78.963,33.339],[78.95,33.364],[78.954,33.371],[78.94,33.38],[78.927,33.441],[78.931,33.487],[78.914,33.555],[78.91,33.565],[78.886,33.576],[78.905,33.606],[78.907,33.62],[79.004,33.607],[79.025,33.619],[79.085,33.62],[79.09,33.637],[79.064,33.666],[79.022,33.674],[79.012,33.685],[79.008,33.693],[79.01,33.714],[79.028,33.754],[79,33.773],[78.993,33.795],[78.965,33.821],[78.937,33.913],[78.887,33.973],[78.912,34.01],[78.995,34.037],[79.029,34.01],[79.099,33.99],[79.139,33.994],[79.147,33.999],[79.151,34.009],[79.171,34.022],[79.19,34.025],[79.225,34.011],[79.249,34.024],[79.279,34.012],[79.291,34.015],[79.3,34.009],[79.316,34.015],[79.332,34.004],[79.367,33.994],[79.377,34.001],[79.391,33.997],[79.403,34.002],[79.41,34.01],[79.404,34.027],[79.422,34.045],[79.419,34.054],[79.43,34.061],[79.427,34.076],[79.419,34.08],[79.416,34.1],[79.428,34.113],[79.47,34.116],[79.486,34.126],[79.498,34.168],[79.491,34.191],[79.508,34.198],[79.545,34.203],[79.559,34.209],[79.59,34.241],[79.607,34.238],[79.61,34.284],[79.603,34.307],[79.575,34.319],[79.559,34.372],[79.535,34.401],[79.538,34.412],[79.529,34.423],[79.531,34.443],[79.509,34.454],[79.526,34.461],[79.538,34.479],[79.548,34.475],[79.561,34.458],[79.601,34.466],[79.623,34.45],[79.645,34.456],[79.656,34.452],[79.674,34.455],[79.685,34.477],[79.702,34.486],[79.722,34.472],[79.753,34.478],[79.756,34.472],[79.766,34.471],[79.779,34.479],[79.794,34.48],[79.811,34.534],[79.809,34.545],[79.788,34.564],[79.789,34.574],[79.802,34.589],[79.786,34.609],[79.787,34.627],[79.8,34.629],[79.83,34.646],[79.849,34.672],[79.898,34.696],[79.918,34.688],[79.932,34.692],[79.944,34.676],[79.952,34.674],[79.972,34.7],[79.995,34.692],[80.074,34.706],[80.079,34.733],[80.067,34.762],[80.072,34.769],[80.091,34.769],[80.099,34.775],[80.11,34.804],[80.112,34.826],[80.136,34.855],[80.137,34.869],[80.157,34.868],[80.168,34.873],[80.167,34.88],[80.205,34.891],[80.203,34.921],[80.186,34.946],[80.193,34.959],[80.212,34.961],[80.225,34.97],[80.225,34.98],[80.234,34.99],[80.216,34.993],[80.195,35.118],[80.208,35.124],[80.227,35.148],[80.233,35.148],[80.236,35.154],[80.223,35.164],[80.223,35.171],[80.245,35.185],[80.255,35.206],[80.283,35.204],[80.285,35.211],[80.275,35.217],[80.285,35.233],[80.294,35.268],[80.266,35.296],[80.274,35.3],[80.286,35.354],[80.299,35.368],[80.311,35.37],[80.347,35.391],[80.361,35.387],[80.377,35.392],[80.395,35.415],[80.412,35.426],[80.422,35.452],[80.412,35.477],[80.389,35.488],[80.385,35.501],[80.371,35.507],[80.366,35.525],[80.358,35.529],[80.347,35.525],[80.328,35.535],[80.316,35.524],[80.302,35.534],[80.304,35.545],[80.297,35.556],[80.277,35.553],[80.264,35.568],[80.25,35.557],[80.242,35.555],[80.233,35.56],[80.225,35.555],[80.205,35.575],[80.166,35.553],[80.172,35.527],[80.183,35.509],[80.142,35.498],[80.139,35.488],[80.127,35.478],[80.11,35.478],[80.096,35.458],[80.081,35.45],[80.088,35.432],[80.08,35.432],[80.072,35.423],[80.055,35.423],[80.035,35.439],[80.034,35.447],[80.017,35.466],[80.007,35.496],[79.994,35.51],[79.995,35.523],[79.982,35.533],[79.978,35.549],[79.966,35.554],[79.965,35.575],[79.971,35.58],[79.995,35.584],[80.001,35.592],[79.999,35.602],[79.974,35.605],[79.955,35.616],[79.958,35.629],[79.954,35.634],[79.938,35.621],[79.925,35.621],[79.921,35.605],[79.869,35.598],[79.861,35.577],[79.846,35.575],[79.837,35.586],[79.839,35.602],[79.817,35.627],[79.801,35.624],[79.795,35.629],[79.788,35.624],[79.771,35.626],[79.734,35.643],[79.721,35.636],[79.704,35.639],[79.698,35.663],[79.693,35.667],[79.687,35.664],[79.679,35.671],[79.679,35.7],[79.67,35.703],[79.665,35.719],[79.645,35.724],[79.634,35.742],[79.643,35.751],[79.629,35.767],[79.639,35.778],[79.593,35.789],[79.584,35.8],[79.588,35.815],[79.576,35.81],[79.572,35.813],[79.564,35.83],[79.575,35.849],[79.584,35.854],[79.582,35.865],[79.588,35.877],[79.572,35.897],[79.563,35.897],[79.558,35.88],[79.546,35.881],[79.538,35.868],[79.525,35.866],[79.517,35.85],[79.501,35.847],[79.489,35.849],[79.456,35.872],[79.452,35.883],[79.464,35.889],[79.468,35.9],[79.456,35.924],[79.44,35.934],[79.442,35.968],[79.343,35.988],[79.336,35.977],[79.338,35.963],[79.308,35.954],[79.294,35.939],[79.27,35.927],[79.191,35.932],[79.164,35.945],[79.131,35.942],[79.078,35.947],[79.057,35.941],[79.042,35.928],[79.04,35.918],[79.028,35.914],[79.011,35.931],[79.004,35.928],[78.997,35.934],[78.988,35.929],[78.976,35.94],[78.972,35.934],[78.966,35.935],[78.955,35.949],[78.926,35.945],[78.914,35.953],[78.897,35.954],[78.876,35.969],[78.856,35.974],[78.845,35.948],[78.836,35.942],[78.828,35.909],[78.8,35.87],[78.75,35.86],[78.722,35.863],[78.695,35.85],[78.673,35.852],[78.657,35.822],[78.631,35.814],[78.608,35.815],[78.577,35.797],[78.562,35.775],[78.536,35.763],[78.523,35.763],[78.505,35.771],[78.463,35.764],[78.46,35.775],[78.441,35.781],[78.417,35.762],[78.418,35.747],[78.409,35.731],[78.371,35.729],[78.34,35.72],[78.325,35.724],[78.318,35.721],[78.302,35.727],[78.244,35.725],[78.24,35.706],[78.229,35.698],[78.208,35.668],[78.186,35.675],[78.182,35.667],[78.194,35.658],[78.192,35.646],[78.197,35.64],[78.18,35.634],[78.173,35.617],[78.181,35.601],[78.162,35.593],[78.157,35.551],[78.13,35.546],[78.103,35.556],[78.091,35.533],[78.073,35.544],[78.077,35.56],[78.068,35.57],[78.048,35.578],[78.04,35.587],[78.028,35.583],[78.032,35.572],[78.022,35.564],[78.012,35.571],[77.996,35.559],[77.978,35.572],[77.951,35.552],[77.938,35.559],[77.928,35.541],[77.933,35.538],[77.931,35.528],[77.937,35.525],[77.918,35.491],[77.922,35.482],[77.911,35.462],[77.889,35.48],[77.882,35.48],[77.867,35.498],[77.86,35.5],[77.853,35.491],[77.84,35.504],[77.828,35.504],[77.815,35.522],[77.803,35.519],[77.798,35.51],[77.784,35.504],[77.78,35.498],[77.759,35.503],[77.742,35.495],[77.718,35.462],[77.698,35.464],[77.688,35.453],[77.666,35.473],[77.661,35.483],[77.651,35.487],[77.638,35.484],[77.638,35.466],[77.63,35.462],[77.605,35.473],[77.593,35.467],[77.584,35.468],[77.586,35.478],[77.559,35.488],[77.55,35.484],[77.536,35.489],[77.519,35.486]]],[[[93.846,7.245],[93.837,7.237],[93.812,7.237],[93.815,7.216],[93.81,7.213],[93.81,7.206],[93.8,7.213],[93.771,7.21],[93.769,7.215],[93.762,7.215],[93.756,7.212],[93.757,7.202],[93.752,7.205],[93.735,7.189],[93.719,7.192],[93.687,7.187],[93.68,7.179],[93.686,7.156],[93.673,7.143],[93.672,7.136],[93.66,7.128],[93.662,7.117],[93.675,7.116],[93.662,7.104],[93.662,7.093],[93.671,7.082],[93.666,7.072],[93.676,7.037],[93.67,7.017],[93.682,7.014],[93.684,7.021],[93.7,7.022],[93.706,7.018],[93.712,6.998],[93.722,7],[93.73,6.995],[93.743,6.957],[93.752,6.96],[93.758,6.948],[93.763,6.932],[93.755,6.927],[93.763,6.908],[93.774,6.92],[93.783,6.893],[93.795,6.892],[93.794,6.886],[93.802,6.884],[93.79,6.877],[93.794,6.861],[93.81,6.852],[93.803,6.835],[93.817,6.815],[93.826,6.821],[93.828,6.818],[93.825,6.804],[93.83,6.794],[93.825,6.79],[93.828,6.778],[93.82,6.77],[93.822,6.762],[93.842,6.753],[93.853,6.757],[93.861,6.787],[93.86,6.797],[93.868,6.815],[93.88,6.817],[93.895,6.795],[93.915,6.81],[93.916,6.822],[93.925,6.837],[93.91,6.839],[93.906,6.847],[93.905,6.863],[93.913,6.873],[93.915,6.884],[93.909,6.888],[93.91,6.905],[93.925,6.909],[93.921,6.927],[93.927,6.934],[93.926,6.942],[93.94,6.955],[93.952,6.952],[93.957,6.959],[93.949,6.96],[93.942,6.969],[93.941,6.985],[93.931,6.99],[93.929,6.996],[93.94,7.011],[93.945,7],[93.955,6.994],[93.963,7.003],[93.958,7.01],[93.949,7.011],[93.939,7.028],[93.926,7.028],[93.92,7.037],[93.924,7.057],[93.916,7.075],[93.897,7.088],[93.896,7.108],[93.903,7.117],[93.895,7.121],[93.894,7.166],[93.888,7.175],[93.894,7.183],[93.894,7.204],[93.887,7.2],[93.879,7.213],[93.863,7.211],[93.857,7.223],[93.863,7.237],[93.853,7.245],[93.846,7.245]]],[[[93.736,7.423],[93.726,7.442],[93.721,7.445],[93.721,7.423],[93.725,7.419],[93.718,7.4],[93.728,7.395],[93.723,7.389],[93.709,7.391],[93.696,7.385],[93.691,7.376],[93.679,7.379],[93.663,7.367],[93.654,7.375],[93.648,7.372],[93.645,7.351],[93.653,7.335],[93.651,7.322],[93.638,7.308],[93.651,7.3],[93.647,7.265],[93.664,7.248],[93.686,7.264],[93.694,7.284],[93.703,7.295],[93.717,7.296],[93.73,7.31],[93.739,7.31],[93.755,7.328],[93.755,7.342],[93.769,7.356],[93.766,7.363],[93.775,7.365],[93.776,7.378],[93.771,7.385],[93.739,7.401],[93.736,7.423]]],[[[93.378,8.021],[93.357,8.005],[93.345,8.011],[93.335,8.009],[93.32,7.994],[93.32,7.972],[93.31,7.955],[93.319,7.924],[93.328,7.919],[93.33,7.928],[93.345,7.93],[93.343,7.936],[93.35,7.942],[93.352,7.932],[93.359,7.935],[93.344,7.922],[93.349,7.921],[93.341,7.912],[93.34,7.889],[93.377,7.878],[93.396,7.895],[93.427,7.9],[93.443,7.885],[93.448,7.871],[93.459,7.87],[93.468,7.89],[93.455,7.932],[93.427,7.959],[93.427,7.965],[93.412,7.957],[93.4,7.968],[93.397,7.995],[93.404,8.006],[93.388,8.019],[93.378,8.021]]],[[[93.567,8.026],[93.557,8.024],[93.565,8.006],[93.562,7.996],[93.544,8.023],[93.541,8.005],[93.531,7.994],[93.522,7.998],[93.518,7.993],[93.519,7.983],[93.536,7.969],[93.549,7.965],[93.557,7.952],[93.59,7.926],[93.595,7.942],[93.593,7.988],[93.576,8.022],[93.567,8.026]]],[[[93.598,8.113],[93.588,8.13],[93.573,8.123],[93.577,8.109],[93.585,8.108],[93.582,8.096],[93.592,8.079],[93.585,8.075],[93.585,8.066],[93.607,8.038],[93.614,8.05],[93.602,8.075],[93.602,8.092],[93.594,8.096],[93.594,8.1],[93.6,8.101],[93.598,8.113]]],[[[93.537,8.236],[93.505,8.228],[93.499,8.202],[93.482,8.186],[93.467,8.182],[93.463,8.167],[93.465,8.15],[93.477,8.142],[93.471,8.125],[93.48,8.121],[93.476,8.112],[93.483,8.097],[93.49,8.09],[93.497,8.095],[93.501,8.091],[93.49,8.086],[93.497,8.052],[93.501,8.05],[93.507,8.064],[93.525,8.073],[93.527,8.084],[93.545,8.079],[93.535,8.074],[93.535,8.068],[93.549,8.066],[93.537,8.06],[93.54,8.052],[93.525,8.048],[93.521,8.066],[93.515,8.056],[93.52,8.039],[93.496,8.042],[93.5,8.012],[93.512,7.998],[93.52,8],[93.521,8.031],[93.537,8.032],[93.543,8.046],[93.561,8.037],[93.557,8.089],[93.54,8.102],[93.537,8.114],[93.532,8.115],[93.531,8.128],[93.509,8.151],[93.517,8.154],[93.515,8.166],[93.525,8.175],[93.537,8.175],[93.543,8.183],[93.55,8.181],[93.558,8.221],[93.552,8.233],[93.537,8.236]]],[[[93.255,8.234],[93.243,8.264],[93.225,8.256],[93.227,8.235],[93.235,8.232],[93.244,8.218],[93.255,8.22],[93.255,8.234]]],[[[73.061,8.278],[73.067,8.283],[73.068,8.302],[73.08,8.323],[73.054,8.28],[73.043,8.272],[73.03,8.27],[73.023,8.27],[73.018,8.277],[73.018,8.271],[73.034,8.263],[73.047,8.263],[73.061,8.278]]],[[[93.131,8.355],[93.119,8.348],[93.109,8.349],[93.1,8.334],[93.1,8.323],[93.092,8.312],[93.088,8.294],[93.095,8.265],[93.107,8.243],[93.124,8.226],[93.148,8.217],[93.166,8.202],[93.191,8.195],[93.202,8.196],[93.21,8.217],[93.189,8.232],[93.159,8.243],[93.134,8.273],[93.131,8.286],[93.136,8.313],[93.144,8.323],[93.149,8.345],[93.131,8.355]]],[[[93.079,8.429],[93.08,8.453],[93.067,8.461],[93.06,8.441],[93.079,8.429]]],[[[93.628,8.529],[93.623,8.569],[93.619,8.571],[93.617,8.541],[93.63,8.509],[93.631,8.485],[93.625,8.475],[93.628,8.467],[93.623,8.449],[93.628,8.417],[93.633,8.426],[93.63,8.454],[93.635,8.463],[93.642,8.458],[93.645,8.462],[93.644,8.518],[93.628,8.529]]],[[[92.78,9.247],[92.776,9.255],[92.77,9.224],[92.764,9.215],[92.72,9.211],[92.721,9.142],[92.725,9.13],[92.739,9.12],[92.773,9.126],[92.783,9.117],[92.804,9.118],[92.826,9.132],[92.83,9.142],[92.832,9.162],[92.824,9.174],[92.825,9.193],[92.819,9.214],[92.78,9.247]]],[[[72.282,10.032],[72.285,10.046],[72.276,10.041],[72.282,10.032]]],[[[73.649,10.071],[73.652,10.096],[73.645,10.075],[73.636,10.071],[73.642,10.055],[73.649,10.057],[73.649,10.071]]],[[[73.662,10.128],[73.666,10.142],[73.662,10.155],[73.662,10.128]]],[[[72.61,10.559],[72.618,10.563],[72.619,10.571],[72.609,10.578],[72.593,10.55],[72.583,10.542],[72.61,10.559]]],[[[72.529,10.785],[72.522,10.785],[72.522,10.775],[72.531,10.78],[72.529,10.785]]],[[[73.676,10.816],[73.662,10.816],[73.66,10.809],[73.666,10.803],[73.676,10.802],[73.702,10.812],[73.698,10.816],[73.676,10.816]]],[[[72.2,10.881],[72.176,10.871],[72.179,10.841],[72.195,10.852],[72.2,10.881]]],[[[92.549,10.88],[92.541,10.895],[92.525,10.897],[92.516,10.888],[92.522,10.87],[92.512,10.867],[92.518,10.872],[92.513,10.888],[92.503,10.889],[92.487,10.87],[92.467,10.86],[92.47,10.852],[92.462,10.842],[92.445,10.828],[92.434,10.825],[92.43,10.811],[92.408,10.789],[92.397,10.803],[92.385,10.791],[92.386,10.657],[92.404,10.65],[92.416,10.629],[92.411,10.588],[92.384,10.537],[92.387,10.527],[92.402,10.526],[92.421,10.541],[92.438,10.545],[92.485,10.511],[92.503,10.506],[92.524,10.507],[92.54,10.514],[92.541,10.528],[92.578,10.568],[92.571,10.578],[92.568,10.574],[92.557,10.577],[92.548,10.592],[92.564,10.624],[92.577,10.635],[92.592,10.635],[92.595,10.657],[92.607,10.668],[92.614,10.662],[92.62,10.67],[92.617,10.717],[92.622,10.762],[92.604,10.784],[92.595,10.783],[92.603,10.766],[92.588,10.788],[92.566,10.796],[92.595,10.79],[92.59,10.801],[92.594,10.817],[92.585,10.837],[92.589,10.853],[92.555,10.88],[92.55,10.868],[92.557,10.86],[92.545,10.865],[92.549,10.88]]],[[[72.288,10.935],[72.291,10.945],[72.285,10.942],[72.284,10.937],[72.288,10.935]]],[[[72.721,11.113],[72.733,11.127],[72.733,11.136],[72.719,11.127],[72.717,11.117],[72.721,11.113]]],[[[72.779,11.191],[72.817,11.257],[72.816,11.265],[72.805,11.261],[72.79,11.239],[72.775,11.189],[72.779,11.191]]],[[[92.701,11.235],[92.717,11.259],[92.714,11.286],[92.701,11.277],[92.704,11.257],[92.696,11.241],[92.701,11.235]]],[[[92.725,11.306],[92.735,11.314],[92.732,11.329],[92.725,11.326],[92.72,11.307],[92.708,11.304],[92.716,11.299],[92.725,11.306]]],[[[73.002,11.497],[72.999,11.494],[73.011,11.468],[73.011,11.485],[73.002,11.497]]],[[[92.661,11.494],[92.655,11.497],[92.653,11.507],[92.641,11.511],[92.624,11.488],[92.62,11.45],[92.63,11.434],[92.63,11.4],[92.619,11.395],[92.597,11.397],[92.6,11.377],[92.589,11.365],[92.591,11.355],[92.611,11.34],[92.645,11.343],[92.657,11.354],[92.672,11.348],[92.676,11.359],[92.7,11.365],[92.699,11.387],[92.69,11.386],[92.681,11.395],[92.674,11.39],[92.674,11.4],[92.655,11.405],[92.677,11.411],[92.682,11.421],[92.695,11.422],[92.684,11.457],[92.688,11.466],[92.675,11.474],[92.673,11.488],[92.668,11.487],[92.661,11.494]]],[[[92.566,11.534],[92.555,11.533],[92.559,11.521],[92.575,11.511],[92.575,11.521],[92.566,11.534]]],[[[92.621,11.553],[92.609,11.549],[92.618,11.526],[92.626,11.533],[92.629,11.551],[92.621,11.553]]],[[[92.604,11.536],[92.605,11.557],[92.598,11.574],[92.59,11.543],[92.597,11.529],[92.603,11.527],[92.604,11.536]]],[[[92.619,11.583],[92.607,11.584],[92.608,11.563],[92.622,11.56],[92.625,11.569],[92.619,11.583]]],[[[92.233,11.587],[92.225,11.59],[92.211,11.583],[92.22,11.58],[92.224,11.571],[92.22,11.541],[92.225,11.527],[92.261,11.521],[92.274,11.514],[92.288,11.532],[92.282,11.546],[92.281,11.575],[92.273,11.585],[92.233,11.587]]],[[[92.548,11.605],[92.539,11.597],[92.543,11.586],[92.539,11.55],[92.548,11.559],[92.564,11.557],[92.564,11.564],[92.574,11.57],[92.571,11.578],[92.58,11.583],[92.574,11.588],[92.557,11.589],[92.557,11.596],[92.548,11.605]]],[[[72.194,11.591],[72.2,11.596],[72.194,11.606],[72.184,11.605],[72.186,11.593],[72.194,11.591]]],[[[72.693,11.68],[72.701,11.692],[72.7,11.702],[72.689,11.682],[72.693,11.68]]],[[[93.024,11.848],[93.02,11.846],[93.02,11.829],[93.029,11.829],[93.055,11.81],[93.068,11.81],[93.082,11.833],[93.072,11.843],[93.046,11.838],[93.024,11.848]]],[[[92.766,11.967],[92.75,11.96],[92.746,11.947],[92.764,11.943],[92.778,11.948],[92.775,11.96],[92.766,11.967]]],[[[92.975,12.033],[92.976,12.042],[92.971,12.048],[92.953,12.008],[92.939,12.005],[92.93,11.993],[92.941,11.983],[92.965,11.981],[92.979,11.949],[92.99,11.943],[93.002,11.95],[93.002,11.96],[92.995,11.963],[92.995,11.971],[93,11.97],[92.997,11.965],[93.005,11.964],[93.007,11.949],[93.016,11.958],[93.01,11.962],[93.009,11.972],[93.002,11.979],[93.01,11.975],[93.01,11.966],[93.017,11.964],[93.02,11.958],[93.01,11.949],[93.023,11.946],[93.021,11.941],[93.028,11.941],[93.033,11.931],[93.029,11.937],[93.021,11.936],[93.008,11.945],[93.003,11.942],[93.004,11.934],[93.015,11.926],[93.031,11.887],[93.048,11.88],[93.058,11.887],[93.061,11.901],[93.055,11.909],[93.049,11.943],[93.037,11.953],[93.015,12.002],[93.016,12.018],[93.006,12.032],[92.991,12.04],[92.982,12.038],[92.981,12.029],[92.975,12.033]]],[[[93.006,12.103],[93.001,12.107],[92.981,12.1],[92.971,12.105],[92.968,12.094],[92.979,12.087],[92.969,12.078],[92.97,12.07],[92.98,12.064],[92.978,12.056],[92.986,12.057],[92.997,12.045],[93.006,12.048],[93.009,12.062],[93.004,12.086],[93.009,12.096],[93.006,12.103]]],[[[92.975,12.147],[92.973,12.151],[92.962,12.142],[92.968,12.118],[92.981,12.116],[92.984,12.11],[92.995,12.112],[93.005,12.125],[93.003,12.137],[92.996,12.144],[92.982,12.143],[92.975,12.147]]],[[[93.032,12.147],[93.035,12.164],[93.013,12.148],[93.008,12.132],[93.016,12.096],[93.014,12.08],[93.03,12.07],[93.045,12.046],[93.052,12.045],[93.059,12.053],[93.059,12.069],[93.056,12.08],[93.04,12.102],[93.039,12.132],[93.022,12.141],[93.033,12.141],[93.032,12.147]]],[[[93.079,12.209],[93.073,12.211],[93.055,12.176],[93.045,12.126],[93.062,12.117],[93.056,12.109],[93.081,12.082],[93.096,12.097],[93.098,12.116],[93.092,12.127],[93.102,12.144],[93.092,12.149],[93.1,12.177],[93.093,12.176],[93.092,12.188],[93.096,12.192],[93.079,12.209]]],[[[92.942,12.192],[92.945,12.211],[92.95,12.215],[92.943,12.223],[92.93,12.214],[92.942,12.192]]],[[[92.71,12.227],[92.703,12.24],[92.695,12.226],[92.695,12.212],[92.687,12.222],[92.682,12.214],[92.68,12.174],[92.676,12.209],[92.673,12.213],[92.669,12.209],[92.64,12.136],[92.64,12.121],[92.629,12.102],[92.625,12.073],[92.631,12.06],[92.628,12.047],[92.633,12.041],[92.625,12.037],[92.629,12.022],[92.62,12.012],[92.622,11.992],[92.627,11.987],[92.622,11.984],[92.624,11.933],[92.615,11.919],[92.623,11.884],[92.617,11.873],[92.615,11.847],[92.611,11.893],[92.601,11.9],[92.602,11.89],[92.594,11.884],[92.591,11.919],[92.58,11.925],[92.579,11.935],[92.572,11.94],[92.565,11.935],[92.562,11.918],[92.557,11.922],[92.542,11.908],[92.547,11.9],[92.534,11.889],[92.534,11.877],[92.521,11.843],[92.527,11.837],[92.524,11.829],[92.533,11.822],[92.547,11.836],[92.548,11.826],[92.552,11.826],[92.556,11.833],[92.552,11.842],[92.557,11.843],[92.56,11.831],[92.549,11.822],[92.549,11.813],[92.559,11.807],[92.558,11.778],[92.565,11.768],[92.559,11.761],[92.561,11.722],[92.567,11.717],[92.565,11.708],[92.572,11.692],[92.581,11.695],[92.581,11.712],[92.593,11.712],[92.596,11.72],[92.602,11.707],[92.607,11.712],[92.613,11.702],[92.601,11.703],[92.607,11.682],[92.6,11.667],[92.61,11.653],[92.613,11.634],[92.617,11.628],[92.626,11.63],[92.635,11.625],[92.639,11.625],[92.64,11.638],[92.643,11.627],[92.647,11.633],[92.65,11.63],[92.643,11.613],[92.635,11.62],[92.632,11.612],[92.625,11.616],[92.615,11.614],[92.614,11.59],[92.619,11.59],[92.628,11.572],[92.626,11.557],[92.642,11.575],[92.651,11.565],[92.656,11.567],[92.65,11.553],[92.657,11.549],[92.652,11.534],[92.656,11.515],[92.676,11.499],[92.683,11.506],[92.71,11.499],[92.719,11.473],[92.736,11.507],[92.731,11.522],[92.743,11.537],[92.742,11.547],[92.746,11.549],[92.74,11.556],[92.75,11.565],[92.747,11.57],[92.753,11.575],[92.755,11.597],[92.762,11.608],[92.759,11.634],[92.741,11.632],[92.747,11.638],[92.763,11.639],[92.763,11.658],[92.756,11.67],[92.745,11.672],[92.741,11.667],[92.738,11.675],[92.729,11.677],[92.725,11.66],[92.739,11.653],[92.721,11.648],[92.722,11.639],[92.712,11.649],[92.705,11.647],[92.71,11.637],[92.702,11.632],[92.703,11.616],[92.698,11.623],[92.695,11.617],[92.69,11.632],[92.68,11.621],[92.672,11.647],[92.675,11.65],[92.693,11.646],[92.696,11.658],[92.718,11.666],[92.711,11.671],[92.714,11.693],[92.698,11.692],[92.709,11.701],[92.714,11.702],[92.721,11.691],[92.725,11.7],[92.732,11.69],[92.746,11.692],[92.748,11.683],[92.755,11.687],[92.751,11.705],[92.757,11.696],[92.763,11.697],[92.763,11.728],[92.775,11.745],[92.781,11.811],[92.795,11.846],[92.799,11.883],[92.79,11.888],[92.8,11.897],[92.794,11.9],[92.798,11.917],[92.79,11.935],[92.766,11.935],[92.757,11.928],[92.752,11.93],[92.739,11.893],[92.733,11.9],[92.733,11.929],[92.728,11.931],[92.723,11.923],[92.727,11.943],[92.734,11.949],[92.724,11.958],[92.736,11.965],[92.744,11.964],[92.74,11.973],[92.733,11.977],[92.737,11.98],[92.744,11.974],[92.762,11.977],[92.766,11.987],[92.764,11.99],[92.754,11.99],[92.752,11.995],[92.773,12],[92.773,12.012],[92.762,12.004],[92.757,12.016],[92.749,12.011],[92.745,12.014],[92.75,12.019],[92.742,12.022],[92.749,12.028],[92.743,12.03],[92.76,12.032],[92.766,12.02],[92.771,12.02],[92.784,12.027],[92.78,12.036],[92.792,12.041],[92.798,12.051],[92.772,12.045],[92.765,12.052],[92.755,12.052],[92.748,12.062],[92.75,12.052],[92.739,12.054],[92.733,12.045],[92.722,12.047],[92.717,12.043],[92.712,12.049],[92.731,12.048],[92.738,12.057],[92.747,12.055],[92.74,12.099],[92.753,12.114],[92.764,12.172],[92.76,12.179],[92.755,12.175],[92.742,12.181],[92.728,12.179],[92.726,12.173],[92.722,12.175],[92.707,12.163],[92.717,12.174],[92.715,12.182],[92.72,12.189],[92.715,12.196],[92.718,12.215],[92.71,12.227]]],[[[92.74,12.206],[92.744,12.238],[92.739,12.24],[92.73,12.23],[92.731,12.19],[92.734,12.186],[92.743,12.192],[92.745,12.183],[92.754,12.178],[92.775,12.182],[92.772,12.222],[92.755,12.226],[92.75,12.234],[92.752,12.219],[92.744,12.217],[92.745,12.206],[92.74,12.206]]],[[[92.915,12.243],[92.908,12.251],[92.899,12.248],[92.894,12.239],[92.887,12.244],[92.883,12.242],[92.878,12.231],[92.887,12.206],[92.889,12.222],[92.898,12.23],[92.912,12.229],[92.919,12.216],[92.923,12.216],[92.922,12.237],[92.915,12.243]]],[[[93.114,12.238],[93.113,12.259],[93.108,12.257],[93.105,12.242],[93.095,12.237],[93.094,12.255],[93.087,12.259],[93.076,12.251],[93.069,12.229],[93.088,12.223],[93.096,12.226],[93.099,12.216],[93.111,12.204],[93.109,12.229],[93.114,12.238]]],[[[93.861,12.281],[93.85,12.277],[93.845,12.267],[93.845,12.256],[93.853,12.247],[93.87,12.252],[93.876,12.263],[93.873,12.275],[93.861,12.281]]],[[[92.717,12.295],[92.714,12.294],[92.717,12.277],[92.714,12.242],[92.723,12.227],[92.736,12.292],[92.717,12.295]]],[[[92.95,12.277],[92.943,12.287],[92.946,12.308],[92.939,12.302],[92.938,12.276],[92.929,12.278],[92.923,12.289],[92.911,12.286],[92.908,12.267],[92.912,12.264],[92.921,12.27],[92.927,12.266],[92.928,12.238],[92.933,12.23],[92.938,12.233],[92.935,12.248],[92.951,12.271],[92.95,12.277]]],[[[92.827,12.303],[92.817,12.309],[92.803,12.301],[92.781,12.308],[92.775,12.297],[92.786,12.299],[92.786,12.277],[92.781,12.275],[92.774,12.256],[92.761,12.269],[92.75,12.247],[92.759,12.232],[92.769,12.227],[92.786,12.237],[92.775,12.205],[92.778,12.183],[92.763,12.152],[92.756,12.108],[92.746,12.094],[92.749,12.078],[92.754,12.072],[92.765,12.072],[92.773,12.059],[92.78,12.07],[92.799,12.075],[92.799,12.084],[92.81,12.089],[92.792,12.099],[92.803,12.105],[92.813,12.101],[92.82,12.105],[92.82,12.114],[92.81,12.127],[92.819,12.126],[92.833,12.147],[92.823,12.16],[92.832,12.167],[92.833,12.16],[92.844,12.161],[92.855,12.154],[92.858,12.162],[92.865,12.164],[92.86,12.172],[92.862,12.188],[92.857,12.183],[92.851,12.195],[92.87,12.199],[92.872,12.192],[92.882,12.189],[92.889,12.193],[92.87,12.239],[92.873,12.245],[92.889,12.247],[92.898,12.255],[92.899,12.263],[92.891,12.262],[92.895,12.283],[92.882,12.284],[92.878,12.29],[92.884,12.295],[92.877,12.301],[92.842,12.302],[92.832,12.298],[92.827,12.303]]],[[[92.876,12.405],[92.862,12.408],[92.853,12.4],[92.857,12.392],[92.87,12.387],[92.872,12.377],[92.883,12.376],[92.887,12.384],[92.892,12.37],[92.892,12.38],[92.904,12.397],[92.9,12.404],[92.888,12.398],[92.883,12.405],[92.876,12.405]]],[[[92.97,12.412],[92.967,12.433],[92.957,12.424],[92.957,12.412],[92.953,12.419],[92.94,12.413],[92.932,12.393],[92.938,12.384],[92.929,12.377],[92.927,12.36],[92.942,12.354],[92.953,12.397],[92.963,12.402],[92.97,12.412]]],[[[92.725,12.825],[92.716,12.824],[92.717,12.817],[92.704,12.792],[92.715,12.774],[92.721,12.751],[92.72,12.719],[92.732,12.715],[92.734,12.725],[92.727,12.747],[92.73,12.752],[92.736,12.74],[92.737,12.753],[92.725,12.768],[92.725,12.825]]],[[[92.74,12.861],[92.727,12.86],[92.723,12.844],[92.717,12.839],[92.722,12.829],[92.733,12.837],[92.74,12.861]]],[[[92.91,12.911],[92.907,12.924],[92.904,12.895],[92.885,12.892],[92.884,12.883],[92.869,12.875],[92.856,12.877],[92.857,12.891],[92.844,12.885],[92.827,12.895],[92.803,12.888],[92.788,12.825],[92.782,12.827],[92.778,12.842],[92.771,12.835],[92.761,12.842],[92.755,12.835],[92.753,12.821],[92.749,12.832],[92.749,12.809],[92.743,12.83],[92.73,12.822],[92.732,12.793],[92.743,12.792],[92.731,12.787],[92.732,12.78],[92.744,12.73],[92.752,12.722],[92.746,12.714],[92.749,12.697],[92.738,12.697],[92.744,12.686],[92.743,12.669],[92.78,12.671],[92.793,12.688],[92.793,12.702],[92.796,12.701],[92.792,12.633],[92.784,12.666],[92.759,12.667],[92.743,12.655],[92.745,12.638],[92.736,12.633],[92.732,12.623],[92.73,12.637],[92.724,12.643],[92.725,12.627],[92.719,12.614],[92.704,12.609],[92.697,12.617],[92.694,12.612],[92.695,12.602],[92.715,12.597],[92.71,12.589],[92.716,12.557],[92.701,12.518],[92.718,12.492],[92.71,12.47],[92.715,12.452],[92.709,12.44],[92.713,12.431],[92.707,12.418],[92.71,12.411],[92.707,12.387],[92.714,12.387],[92.706,12.327],[92.717,12.32],[92.719,12.307],[92.737,12.3],[92.744,12.306],[92.747,12.296],[92.765,12.295],[92.768,12.305],[92.77,12.297],[92.781,12.315],[92.8,12.306],[92.816,12.314],[92.835,12.302],[92.855,12.304],[92.862,12.312],[92.889,12.314],[92.897,12.321],[92.895,12.33],[92.884,12.327],[92.875,12.332],[92.885,12.331],[92.892,12.338],[92.902,12.335],[92.9,12.346],[92.889,12.355],[92.882,12.35],[92.879,12.357],[92.866,12.362],[92.87,12.367],[92.859,12.386],[92.843,12.398],[92.851,12.401],[92.84,12.414],[92.84,12.423],[92.809,12.433],[92.814,12.45],[92.81,12.457],[92.815,12.452],[92.811,12.436],[92.818,12.437],[92.858,12.42],[92.878,12.424],[92.888,12.41],[92.896,12.42],[92.907,12.413],[92.907,12.419],[92.897,12.433],[92.882,12.439],[92.85,12.47],[92.864,12.459],[92.872,12.462],[92.872,12.456],[92.892,12.442],[92.91,12.457],[92.91,12.452],[92.898,12.441],[92.918,12.419],[92.917,12.405],[92.922,12.402],[92.926,12.417],[92.933,12.422],[92.935,12.433],[92.93,12.437],[92.947,12.444],[92.953,12.459],[92.968,12.457],[92.97,12.468],[92.963,12.471],[92.953,12.462],[92.941,12.46],[92.932,12.464],[92.943,12.465],[92.941,12.477],[92.955,12.481],[92.958,12.494],[92.968,12.479],[92.979,12.488],[92.976,12.501],[92.99,12.535],[92.965,12.599],[92.968,12.612],[92.96,12.619],[92.95,12.613],[92.949,12.616],[92.956,12.622],[92.968,12.622],[92.971,12.662],[92.977,12.672],[92.975,12.702],[92.981,12.707],[92.99,12.704],[92.991,12.708],[92.974,12.721],[92.978,12.737],[92.97,12.743],[92.97,12.752],[92.956,12.76],[92.959,12.767],[92.947,12.767],[92.941,12.773],[92.964,12.791],[92.963,12.807],[92.955,12.821],[92.957,12.836],[92.947,12.836],[92.95,12.853],[92.937,12.86],[92.937,12.884],[92.914,12.882],[92.92,12.897],[92.93,12.909],[92.918,12.906],[92.912,12.914],[92.91,12.911]]],[[[92.711,12.986],[92.707,12.992],[92.698,12.99],[92.677,12.963],[92.676,12.943],[92.685,12.94],[92.677,12.924],[92.678,12.882],[92.658,12.857],[92.662,12.835],[92.675,12.806],[92.674,12.792],[92.668,12.787],[92.673,12.787],[92.677,12.779],[92.685,12.801],[92.697,12.807],[92.695,12.819],[92.686,12.818],[92.685,12.823],[92.707,12.831],[92.709,12.844],[92.73,12.867],[92.721,12.877],[92.73,12.877],[92.734,12.889],[92.721,12.942],[92.725,12.977],[92.711,12.986]]],[[[93.017,12.988],[93.017,12.994],[93.006,12.987],[92.995,12.99],[92.987,12.967],[92.982,12.968],[92.982,12.979],[92.972,12.986],[92.963,12.973],[92.972,12.97],[92.975,12.962],[92.966,12.964],[92.965,12.958],[92.975,12.95],[92.981,12.952],[92.982,12.943],[92.971,12.944],[92.962,12.935],[92.981,12.937],[92.98,12.933],[92.984,12.934],[92.988,12.925],[92.991,12.927],[92.991,12.941],[92.998,12.951],[92.993,12.962],[93.017,12.988]]],[[[92.935,13.025],[92.93,13.022],[92.926,13.011],[92.929,12.999],[92.951,12.994],[92.955,13.012],[92.95,13.021],[92.935,13.025]]],[[[92.719,13.098],[92.702,13.106],[92.698,13.085],[92.717,13.061],[92.725,13.067],[92.735,13.09],[92.732,13.096],[92.719,13.098]]],[[[94.295,13.445],[94.287,13.447],[94.277,13.427],[94.277,13.42],[94.291,13.412],[94.3,13.417],[94.305,13.433],[94.303,13.447],[94.295,13.445]]],[[[93.049,13.546],[93.037,13.575],[93.028,13.566],[93.022,13.541],[93.015,13.561],[93.003,13.568],[92.999,13.566],[92.993,13.552],[92.997,13.528],[92.982,13.53],[92.977,13.54],[92.963,13.538],[92.955,13.531],[92.929,13.532],[92.926,13.521],[92.941,13.521],[92.927,13.511],[92.924,13.514],[92.919,13.504],[92.932,13.505],[92.938,13.494],[92.91,13.496],[92.907,13.476],[92.879,13.467],[92.883,13.459],[92.882,13.438],[92.89,13.438],[92.894,13.429],[92.892,13.424],[92.878,13.418],[92.886,13.403],[92.878,13.41],[92.877,13.4],[92.857,13.409],[92.852,13.4],[92.852,13.388],[92.865,13.387],[92.864,13.382],[92.873,13.388],[92.886,13.386],[92.863,13.374],[92.86,13.358],[92.857,13.373],[92.849,13.374],[92.842,13.363],[92.843,13.337],[92.833,13.326],[92.835,13.312],[92.83,13.307],[92.839,13.3],[92.849,13.302],[92.85,13.297],[92.843,13.292],[92.844,13.281],[92.832,13.287],[92.83,13.267],[92.842,13.262],[92.847,13.252],[92.861,13.253],[92.862,13.236],[92.856,13.235],[92.847,13.241],[92.835,13.233],[92.835,13.218],[92.83,13.214],[92.84,13.214],[92.828,13.196],[92.832,13.187],[92.826,13.178],[92.839,13.175],[92.841,13.167],[92.822,13.17],[92.817,13.152],[92.817,13.145],[92.827,13.139],[92.85,13.14],[92.857,13.135],[92.845,13.132],[92.851,13.128],[92.85,13.12],[92.842,13.127],[92.838,13.124],[92.833,13.132],[92.817,13.123],[92.823,13.11],[92.833,13.112],[92.827,13.091],[92.823,13.1],[92.814,13.093],[92.814,13.076],[92.819,13.078],[92.822,13.072],[92.812,13.071],[92.809,13.086],[92.799,13.088],[92.805,13.068],[92.8,13.044],[92.807,13.028],[92.8,13.027],[92.795,13.013],[92.807,13.003],[92.827,13.002],[92.83,13.008],[92.837,13.009],[92.827,12.983],[92.815,12.981],[92.808,12.99],[92.8,12.974],[92.807,12.967],[92.799,12.966],[92.798,12.957],[92.807,12.943],[92.804,12.913],[92.81,12.898],[92.826,12.899],[92.843,12.889],[92.857,12.895],[92.863,12.89],[92.861,12.88],[92.877,12.881],[92.883,12.902],[92.882,12.906],[92.869,12.907],[92.865,12.938],[92.874,12.93],[92.888,12.937],[92.884,12.949],[92.889,12.955],[92.89,12.969],[92.906,12.991],[92.915,12.979],[92.915,12.945],[92.92,12.945],[92.929,12.959],[92.937,12.952],[92.947,12.967],[92.945,12.977],[92.939,12.979],[92.939,12.987],[92.925,12.985],[92.922,12.996],[92.914,12.997],[92.911,13.019],[92.916,13.022],[92.921,13.042],[92.908,13.048],[92.896,13.034],[92.887,13.041],[92.895,13.038],[92.903,13.051],[92.92,13.057],[92.92,13.063],[92.906,13.07],[92.904,13.082],[92.895,13.082],[92.897,13.089],[92.898,13.085],[92.91,13.083],[92.912,13.073],[92.928,13.054],[92.94,13.05],[92.938,13.078],[92.945,13.087],[92.945,13.094],[92.95,13.096],[92.942,13.076],[92.945,13.058],[92.954,13.063],[92.945,13.052],[92.944,13.035],[92.96,13.022],[92.97,13.007],[92.982,13.011],[92.977,13.031],[92.994,13.021],[93.002,13.025],[93.006,13.034],[93.007,13.028],[93.015,13.024],[93.023,13.032],[93.023,13.043],[93.031,13.045],[93.041,13.057],[93.034,13.069],[93.037,13.075],[93.044,13.075],[93.046,13.082],[93.04,13.119],[93.041,13.126],[93.049,13.129],[93.045,13.152],[93.049,13.169],[93.043,13.173],[93.044,13.186],[93.055,13.203],[93.05,13.217],[93.065,13.228],[93.065,13.251],[93.073,13.263],[93.054,13.255],[93.049,13.267],[93.055,13.274],[93.046,13.277],[93.04,13.272],[93.032,13.279],[93.027,13.272],[93.021,13.273],[93.018,13.277],[93.028,13.292],[93.016,13.298],[93.018,13.316],[93.001,13.292],[93.006,13.284],[92.997,13.288],[92.994,13.297],[93.003,13.299],[93.006,13.309],[92.986,13.323],[92.973,13.323],[92.965,13.33],[92.963,13.342],[92.974,13.36],[92.979,13.355],[92.979,13.342],[92.997,13.325],[93.012,13.348],[93.043,13.34],[93.052,13.35],[93.048,13.318],[93.055,13.316],[93.068,13.325],[93.072,13.305],[93.078,13.305],[93.083,13.318],[93.096,13.328],[93.096,13.336],[93.088,13.336],[93.087,13.344],[93.078,13.345],[93.06,13.376],[93.06,13.386],[93.075,13.391],[93.08,13.399],[93.068,13.395],[93.07,13.413],[93.061,13.402],[93.053,13.402],[93.04,13.424],[93.024,13.426],[93.021,13.42],[93.015,13.427],[93.042,13.431],[93.041,13.452],[93.029,13.457],[93.041,13.46],[93.048,13.475],[93.045,13.48],[93.05,13.479],[93.054,13.513],[93.049,13.546]]],[[[93.029,13.67],[93.019,13.66],[93.016,13.665],[92.994,13.66],[92.99,13.65],[92.996,13.638],[93.023,13.643],[93.031,13.626],[93.04,13.622],[93.044,13.629],[93.034,13.667],[93.029,13.67]]],[[[88.193,21.574],[88.188,21.577],[88.185,21.593],[88.178,21.6],[88.17,21.591],[88.176,21.573],[88.188,21.568],[88.198,21.574],[88.193,21.574]]],[[[88.53,21.56],[88.535,21.572],[88.532,21.581],[88.497,21.6],[88.492,21.596],[88.482,21.559],[88.502,21.55],[88.51,21.558],[88.509,21.547],[88.53,21.55],[88.53,21.56]]],[[[88.845,21.6],[88.834,21.606],[88.831,21.577],[88.84,21.565],[88.884,21.557],[88.898,21.563],[88.9,21.569],[88.884,21.586],[88.872,21.594],[88.845,21.6]]],[[[88.553,21.631],[88.54,21.635],[88.524,21.652],[88.525,21.623],[88.511,21.605],[88.512,21.599],[88.538,21.587],[88.545,21.569],[88.579,21.58],[88.59,21.602],[88.589,21.612],[88.588,21.607],[88.553,21.631]]],[[[88.308,21.706],[88.3,21.705],[88.312,21.686],[88.316,21.665],[88.307,21.633],[88.307,21.613],[88.317,21.606],[88.342,21.624],[88.353,21.651],[88.343,21.665],[88.35,21.675],[88.345,21.692],[88.33,21.705],[88.308,21.706]]],[[[88.727,21.666],[88.704,21.684],[88.697,21.711],[88.69,21.683],[88.703,21.665],[88.712,21.663],[88.709,21.66],[88.721,21.639],[88.71,21.591],[88.731,21.576],[88.746,21.584],[88.752,21.596],[88.749,21.587],[88.758,21.581],[88.791,21.584],[88.795,21.598],[88.788,21.599],[88.79,21.603],[88.774,21.617],[88.77,21.631],[88.774,21.646],[88.769,21.655],[88.75,21.65],[88.727,21.666]]],[[[88.211,21.67],[88.202,21.673],[88.196,21.682],[88.199,21.693],[88.216,21.699],[88.205,21.724],[88.188,21.71],[88.18,21.689],[88.202,21.607],[88.213,21.595],[88.211,21.62],[88.233,21.642],[88.227,21.668],[88.211,21.67]]],[[[88.559,21.73],[88.554,21.736],[88.541,21.737],[88.518,21.712],[88.534,21.67],[88.528,21.659],[88.544,21.639],[88.554,21.643],[88.557,21.635],[88.596,21.62],[88.603,21.623],[88.594,21.655],[88.587,21.661],[88.592,21.66],[88.603,21.675],[88.603,21.684],[88.592,21.692],[88.587,21.71],[88.57,21.733],[88.559,21.73]]],[[[88.545,21.812],[88.529,21.804],[88.505,21.772],[88.504,21.765],[88.514,21.766],[88.504,21.761],[88.509,21.741],[88.523,21.719],[88.54,21.738],[88.552,21.738],[88.559,21.73],[88.571,21.735],[88.562,21.763],[88.571,21.79],[88.564,21.801],[88.545,21.812]]],[[[88.598,21.847],[88.591,21.852],[88.585,21.846],[88.577,21.816],[88.591,21.798],[88.613,21.799],[88.607,21.815],[88.618,21.829],[88.606,21.835],[88.598,21.847]]],[[[88.169,21.786],[88.17,21.803],[88.176,21.81],[88.137,21.875],[88.125,21.865],[88.106,21.835],[88.088,21.795],[88.086,21.786],[88.09,21.784],[88.08,21.777],[88.077,21.753],[88.068,21.738],[88.06,21.736],[88.063,21.732],[88.052,21.715],[88.06,21.71],[88.044,21.68],[88.045,21.667],[88.042,21.662],[88.041,21.668],[88.039,21.665],[88.042,21.65],[88.052,21.64],[88.073,21.631],[88.091,21.638],[88.087,21.63],[88.11,21.623],[88.134,21.625],[88.149,21.634],[88.155,21.65],[88.159,21.647],[88.157,21.674],[88.155,21.678],[88.132,21.676],[88.128,21.68],[88.147,21.678],[88.155,21.682],[88.155,21.696],[88.172,21.736],[88.169,21.786]]],[[[88.646,21.917],[88.635,21.918],[88.623,21.902],[88.629,21.887],[88.625,21.896],[88.619,21.896],[88.595,21.858],[88.595,21.853],[88.608,21.845],[88.609,21.837],[88.621,21.831],[88.613,21.817],[88.62,21.797],[88.637,21.786],[88.643,21.789],[88.653,21.868],[88.641,21.872],[88.652,21.872],[88.667,21.913],[88.646,21.917]]],[[[88.664,22.019],[88.654,22.019],[88.639,22.004],[88.629,21.959],[88.635,21.952],[88.656,21.955],[88.679,21.944],[88.686,21.953],[88.674,21.952],[88.686,21.955],[88.694,21.965],[88.685,21.975],[88.687,21.978],[88.693,21.97],[88.701,21.988],[88.715,22.001],[88.699,22.004],[88.677,22.017],[88.664,22.019]]],[[[88.07,21.922],[88.144,22.022],[88.143,22.028],[88.08,22.009],[88.059,21.969],[88.049,21.916],[88.07,21.922]]],[[[68.168,23.734],[68.193,23.774],[68.195,23.788],[68.168,23.771],[68.164,23.763],[68.162,23.746],[68.166,23.732],[68.168,23.734]]],[[[68.328,23.933],[68.325,23.94],[68.317,23.94],[68.315,23.934],[68.328,23.933]]]]},"properties":null}
]}